swauth,swdetail,swdevelop,swlanguge,swname,swscore,swsize,swupdate
授权：免费软件,"优米软件-优企管家6企业免费版包含团队文件管理，团队Excel，团队Word协作办公等应用。,团队文件应用：,管理公司各部门的文件资料。,快速查找文件。,对每个文件夹设置操作权限。,对文件的更新自动保存历史文件。,可安装在公司内部，不用连外网也可正常使用。,只需安装在一台普通电脑上，公司其他人成员即可使用。,团队Excel，Word应用：,团队协作编辑Excel，Word文档。,支持Excel公式和图表。,可设置不同成员的操作权限。,备份文档的编辑历史。,将文档导出为Excel，Word。",苏州华米信息技术有限公司,语言：简体中文,优企管家 V6.0.9.0免费版,6,21.41 MB,更新：2017-11-17
授权：免费软件,"kk录像机是一款简单实用的万能录像应用软件，kk录像机支持游戏视频录制，在线视频录制，电脑屏幕录像，qq视频录像，网络课件，操作教程录制，并集成视频剪辑，添加字幕，添加音乐等功能于一体的高清视频录制软件。kk录像机操作简单，且兼容录制所有游戏视频，是玩家分享精彩的工具。,视频录像,· 录制2D、3D、网页游戏等游戏视频,· 录制优酷、酷6、土豆等网络在线视频,· 录制QQ视频、YY视频等聊天视频,· 录制电脑屏幕、网络课件、软件操作教程,视频制作,· 简单的视频剪辑、视频合并功能,· 傻瓜式的字幕添加功能,· 多段音乐自由插入,· 录制文件大小自由转换,视频上传,· 一键上传优酷，分享您的精彩,· 识别优酷超清、高清转码标准,· 允许上传其他各类视频网站,V2.4.4：,优化KK编辑器，解决预览花屏、导出错误等问题。,解决KK编辑器添加超长音乐时程序错误的问题。,KK编辑器支持调整插入的音乐长度。,支持免登录使用。,VIP用户支持添加多个水印。,录制时磁盘空间不足自动停止录制。,解决鼠标无法录制的问题。,V2.4.3：,解决音视频不同步和声音断断续续的问题。,解决录音弹出306错误的问题。,优化用户界面。,解决部分游戏录制问题。,解决KK编辑器剪切失败的问题。",杭州凯凯科技有限公司,语言：简体中文,kk录像机(视频录像软件KKCapture下载) V2.7.5.2官方版,10,14.9 MB,更新：2017-11-20
授权：试用软件,"一．产品概述  金软Visio文本抽出工具是一款由北京信久通科技有限公司独立开发的专门从Visio文件批量抽出文本到文本文件中的工具，它可以批处理同时为多个Visio文件抽出文本，功能强大。  本程序支持的Visio版本：  Visio 4.0  Visio 5.0  Visio 2000/2002  Visio 2003/2007  可以从上述文件的各种编码字符集数据中抽取文本。  本程序支持的可转换的字符集  EUC-JP  EUC-JP-FIX  ISO-10646-UCS-2  ISO-10646-UCS-4  ISO-2022-JP  ISO-8859-1  Shift_JIS  UTF-16  UTF-8、WINDOWS31J  ChineseGBK  ChineseBIG5  GB18030  KoreanKSC  Shift_JIS-2004  ISO-2022-JP-2004  EUC-JIS-2004  本程序支持的可抽出的字符串：  Unicode字符集  日语  英语（只限于拉丁字母字符集ISO_8859-1）  汉语（简体字 GB18030、GBK、繁体字Big5）  韩语（KS_C_5601_1987）的字符串  使用上述语言外的字体时，无法保证抽出结果的正确性。  抽出后的文本有17种字符编码集可供选择。抽出后文本的编码方式所使用的基本字符集中所没有的字符，转换为类似的字符(1个字符或1个字符的组合)。当没有类似的字符时替换为""〓""（2个字节）、""？"" (1个字节)。  无法从有密码保护的文件中抽出文本。有密码保护的文件必须事先在源程序中解除安全设置。  金软Visio文本抽出工具还具有快速、稳定、安全的特点，其操作方便，简单；界面清爽，灵动。它是Visio的一个辅助软件，其操作方便简单。  二．功能介绍  1. 支持17种常见可转换字符集  2. 支持1种常见Visio文件的语言   3．支持在输出文件名末尾加文件生成日期后缀  4. 支持批量处理，操作简便，节省您的时间",,语言：简体中文,金软Visio文本抽出(金软Visio文本抽出下载)V2.0官方版,6,9.87 MB,更新：2017-11-20
授权：免费软件,"三叶整理助手是一款实用的桌面整理工具，三叶整理助手可以帮你快速更换软件图标，并且可以快速启动软件，还能够根据图标或图片搜索本地有关资源，让你更能够更好的对电脑文件进行管理！,1、支持图片匹配搜索文本 及 文本匹配图片 且显示位置,2、支持双语种（中文简体 和 日本语）,3、支持自定义设置添加图标进行快速启动软件。,4、可自行打开关闭软件音乐（默认关闭）——调用网易云歌单,5、支持添加自定义图片备份",,语言：简体中文,三叶整理助手 V1.0免费版,6,1.12 MB,更新：2017-11-20
授权：免费软件,IceCream Screen Recorder中文版是一款免费的屏幕录制软件，可让您捕捉屏幕的任何区域，以视频文件或截图。该应用程序提供了一套完整的工具和专业的屏幕捕捉是直观和易于使用的软件，同时选择。随着冰淇淋屏幕录像机可以在高清录制游戏视频，Skype 视频和网络研讨会，采取截图，并在快速做文章，免费的方式等等。,ICECREAM APPS,语言：简体中文,Icecream Screen Recorder(屏幕录像软件) V5.02官方中文版,10,52.2 MB,更新：2017-11-20
授权：免费软件,"重装系统是一个技术活。虽然现在有了一键GHOST重装系统的软件，但稳定性安全性欠佳。360系统重装大师的出现在系统重装领域又开辟了一个新的时代，真正一键重装系统。,360系统重装大师官方版是一款一键式系统重装工具，支持Win7/XP系统的在线重装。相对于光盘重装或者镜像还原等方式，其优点是：安全无毒，快捷方便，驱动可自动备份恢复，不会改变激活信息。,V5.0.0.1001 正式版,1. 5.0.0.1001 正式版发布,2. 修正众多已知问题,V5.0.0.1001 Beta版,1. 不再限制工作目录在D盘,2. 使用虚拟文件系统技术，重装更快,3. 优化程序，提高运行速度，减少内存使用,4. 重装后即清理工作目录释放磁盘空间,5. 解决部分电脑第一次重启前提示安装引导失败,6. 修正一些界面错误,V4.3.0.0.1008：,1. 解决几个已知bug,2. 优化重装速度,V4.3.0.1007：,1. 修正某些正版系统重装后的激活问题,2. 增加win7没有激活的界面提示,3. 解决重装后开机时弹出UAC提示的问题,V4.3.0.1006：,1. 修正在低分辨率下界面的问题,2. 修复win7下点击搜索office关键字失败的问题",360,语言：简体中文,360系统重装大师(系统重装软件) V5.0.0.1008官方版,10,20.98 MB,更新：2017-11-20
授权：免费软件," , ,安装说明：本补丁包不包含, , , ,安装说明：,1、, ",下载吧,语言：简体中文,Windows7SP1补丁包(Win7补丁汇总包含勒索病毒系统补丁ms17-010)2017.11(32位),10,721.24 MB,更新：2017-11-17
授权：免费软件,File Optimizer是一个方便的文件重压缩软件，它能压缩各种类型的文件，使得文件体积进一步缩小，以方便传输和携带。软件利用了各种开源或免费的插件，针对不同文件类型利用不同的插件进行压缩。,Javier Gutiérrez Chamorro,语言：简体中文,FileOptimizer(FileOptimizer下载)V11.31.2073官方版,6,72.26 MB,更新：2017-11-20
授权：免费软件,"百度云现在正式更名为百度网盘，是原百度云盘电脑版。百度网盘电脑版是百度公司推出的一款百度网盘客户端管理软件。百度云管家电脑版在云端存储文件，从此抛弃U盘，释放本地空间，非常便捷上传下载文件。百度网盘电脑版支持对百度网盘上的资源便捷地查看、上传、下载、管理百度云端各类数据。通过百度网盘各平台存入百度网盘的文件，不会占用本地空间。,1、下载功能更稳定，支持下载断点续传；,2、支持多文件批量下载；,3、文件上传不会同步到本地；,4、支持文件拖拽上传。,：,V5.2.7：,1、解决下载速度慢的问题，提高下载速度,V5.2.1：,1、优化传输功能，提升部分场景的下载体验,V5.1.0：,1、新增手机忘带功能,支持接收忘带手机期间的未接来电和短信提醒,2、优化自动备份功能,解决了部分用户文件重复备份的问题,V4.8.1.0：,1、修复若干的下载异常问题,V4.8.0.7：,1、新增隐藏空间功能，贴心保护你的隐私,2、极速安装，大幅度提升安装速度,3、数码相机照片自动识别，一键备份,：2013年10月17日,更新内容：,1、优化上传策略,2、Bug修复,更新内容：,1、离线下载：无限次BT离线下载，支持离线下载历史记录查看,2、个人网盘中的数据搜索,3、速度优化，改善网络环境较差时的传输体验,4、取消上传下载个数限制,5、登录改造：优化自动登录和记住密码功能,6、注册页面内嵌客户端完成无需跳转网页,7、支持传输任务支持全部删除",百度,语言：简体中文,百度网盘电脑版(原百度云盘客户端百度云管家官方下载电脑版)v5.7.2官方pc版,10,29.25 MB,更新：2017-11-20
授权：免费软件,哔哩哔哩唧唧客户端是一款可以完美支持下载哔哩哔哩动画弹幕网上视频并且可以转换为flv，mp3，mp4等格式的强大哔哩哔哩弹幕视频下载器，马上下载使用bilibili唧唧吧。,哔哩哔哩唧唧,语言：简体中文,哔哩哔哩唧唧客户端(bilibili唧唧) V0.127.1绿色版,10,36.41 MB,更新：2017-11-20
授权：免费软件,"        TagScanner是一款强大的音乐文件重命名、标签编辑、标签批处理、播放列表创建软件。支持ID3v1、ID3v2、APE、OGG-info等标签。先进的工作表技术，清晰列出各个参数意义。重命名和标签编辑支持预览和撤销功能。 ,音乐重命名、标签编辑、标签批处理、播放列表创建。,1.音乐重命名：先进的工作表技术，可以清晰的定义重命名的格式。支持重名预览和重命名撤销功能。可以快速对这个文件夹中的文件一次重命名。 ,2.标签编辑：有ID3v1模式、、ID3v2模式、APE模式。支持的标签内容有曲目、标题、艺术家、专辑、年份、流派、注释、图片、歌词、作曲、原创艺术家、版权、URL、编码。 ,3.标签批处理：支持区域的更新，覆盖，清空功能。工作表支持多种参数。最好的就是有批处理预览功能。 ,4.播放列表创建：可以将你的播放列表导出为HTML、Excel、CSV文本格式。",Sergey Serkov,语言：多国语言[中文],TagScanner(MP3标签编辑批量更名)V6.0.25.0免费版,10,2.95 MB,更新：2017-11-21
授权：免费软件,爱奇艺视频助手是一款由爱奇艺推出免费的视频格式转换和上传软件，实现了主流频格式文件的转换。爱奇艺视频助手同时还具有快速导入图片，一键生成视频的图片MV功能。让用户能够方便生成视频，轻松转码，上传分享。,爱奇艺,语言：简体中文,爱奇艺视频助手(爱奇艺视频转换上传工具) V7.3.1.14官方版,6,18.86 MB,更新：2017-11-20
授权：免费软件,芬兰著名安全厂商F-Secure推出的全新产品，F-Secure KEY是一款全新的密码管理及安全管理软件。用户通过一个主密码来管理自己的所有在线账号，它还提供了强密码生成器，可生成复杂的密码，而用户无须记住这些复杂的密码，即可在登录访问在线服务时自动填入。支持在线同步，可跨设备使用。F-Secure KEY支持PC、Mac、iOS和Android系统。,,语言：简体中文,F-Secure KEY(F-Secure KEY官方下载)V4.7.114官方版,6,27.71 MB,更新：2017-11-20
授权：免费软件,"GoodSync是一种简单和可靠的文件备份和文件同步软件，可以实现两台电脑或者电脑与U盘之间的数据和文件的同步转换。GoodSync可以备份U盘中中的数据或者其他文件到个人电脑的硬盘上。支持简体中文界面。GoodSync会自动分析，同步，并备份您的电子邮件，珍贵的家庭照片，联系人， MP3歌曲，财务文件和其他重要文件本地-之间的台式机，笔记本电脑，服务器，外部驱动器，以及W indowsM obile设备，以及通过F TP远程，网友，的WebDAV ，等等。 再也不会遗失您的电子邮件，照片， MP3等。, , 1.自动同步或备份多种设备 , 自动同步和备份您的重要文件之间的台式机，笔记本电脑，服务器和外部驱动器通过网络或互联网。 用创新的同步算法-G oodSync文件同步软件是今后几年的包时，文件同步。, , 2.轻松和自动。, 让您的文件备份和最新的一次点击，消除信息混乱，而且最重要的开始享受您的安心 ，知道您的财务文件，工作文件，电子邮件，联系人，照片时， iTunes ， MP3和其他数据同步和备份。, , , 1)GoodSync下载安装; , 2) 指定需要同步的目录 , 3) 点击“同步”按钮 , 以后每次使用时，仅需点击“同步”操作即可。",曦薄系统,语言：多国语言[中文],GoodSync(高效文件同步软件) 10.6.7.7官方中文版,10,26.04 MB,更新：2017-11-20
授权：免费软件,"XY苹果助手是XY助手工作室研发的手机应用平台，XY苹果助手主要提供手机瘦身、iPhone/iPad游戏和应用下载、最新苹果资讯发布的交互平台。移动互联网正在潜移默化地改变着我们的生活，我们的生活必将变的更加精彩。XY助手将以此作为理念，满足并迎合不断变化的用户需求，为用户和合作伙伴创造更多价值，以最专业的态度去打造更优质的手机应用平台，为提升用户的移动互联网体验而努力。,XY苹果手机助手无需越狱、无需苹果帐号、高速下载、设备瘦身、免费正版。,超级瘦身系统,清理手机垃圾，找出没用少用的大文件，无损处理手机照片。为您的设备腾出50%以上的空间，赶快试用吧！,海量正版资源免费提供,简洁的应用提供界面，精晰的应用分类，最火最新的应用专辑。免费提供最全的正版资源供免费使用！,高速免账号密码下载,高速访问软件、高速下载应用、免填帐号密码、一站式下载安装。省时省力的高速下载神器！,设备资源快捷管理,提供照片、视频、音乐等导出导入；通迅录、短信备份恢复等功能，让您更加方便管理设备资源！,V2.2.0.42：,1.新增第一次未信任设备弹出提示,2.新增恢复默认设置提示弹出框,3.新增点击关闭按钮弹窗提示,4.优化卸载应用时，提示文案,5.优化扫描大文件过滤50M以上,6.优化默认显示设备信息,7.优化去掉短信和通信录备份、还原按钮,8.优化鼠标点进去搜索框，清除里面的内容,9.优化多处ui界面,10.修复搜索框不支持CTRL+C,V的快捷键,11.修复导入或删除音乐、视频 ，首页显示数量不正确问题,12.修复IE6环境下无法打开界面问题,13.修复XP下安装后无法启动的问题,14.修复安装时产生临时文件的bug,15.修复下载管理初始化显示信息,16.修复搜索关键词，在切换iphone和ipad时出现问题,17.修复点击预览窗口关闭按钮时，出现关闭程序问题,18.修复清理垃圾时拔插设备，出现界面逻辑错误,XY苹果助手V2.2.0.28：,1.优化相册速度。,2.优化升级流程。,3.修复点击桌面快捷方式客户端无反应的bug。,4.修复部分导致崩溃问题。",上海恺英网络科技有限公司,语言：简体中文,XY苹果助手(游戏和应用下载平台XY苹果手机助手官方下载)5.0.0.11444官方版,10,41.56 MB,更新：2017-11-16
授权：免费软件,"钉钉电脑版是阿里巴巴最新发布一款团队IM通讯工具。钉支持移动互联网络和通讯网络的双方及多方语音通话，发送的消息是以免费电话或短信的形式送达，支持单聊及群聊。,钉钉电脑客户端主为工作集中在电脑上的中小企业打造，实现更为高效的沟通及工作协同。跟钉钉手机客户端一样，钉钉电脑客户端也可以进行聊天、发DING消息、查看自己的联系人和所在企业的架构关系，通过“工作”进行发送日志和管理日志，同时通过钉盘、钉邮的网页版入口，方便大家进行管理查看，单人免费商务电话也不拉下，一样可以进行。,钉钉致力于帮助中小企业通过系统化的解决方案，全方位提升中小企业沟通和协同效率。钉钉实现了多端（电脑端、手机端、云端）信息同步，无论是在办公室还是在外出差都可以无缝沟通。在这里，您可以了解关于钉钉的产品功能使用方法及操作流程，钉钉全攻略主要是为企业工作沟通、办公协同等提供操作指南，让您在使用钉钉的过程中能够高效顺畅。如果您有任何疑问可通过以下方式联系我们，服务账号：手机客户端-更多-帮助与反馈-反馈，联系钉小秘。,1、DING,史上最快的消息传达。,发出的DING消息将会以免费电话／免费短信的 方式通知到对方，让对方即刻做出回应。,2、电话会议,团队沟通，高效畅通。,免费、安全、高质量的多方通话，帮你打造有史以来最简易的操作体验。,3、企业通讯录,随时随地，找人不再难。,找单位同事，不再托人咨询联系方式，企业通讯录让你找人更方便。,4、阅读状态,消息未读列表，一目了然。,发送的单聊和群聊消息，消息未读成员列表一目了然，尽在掌控",阿里钉钉,语言：简体中文,钉钉电脑版(阿里钉钉办公软件)V4.1.0.33官方版,10,103.13 MB,更新：2017-11-21
授权：免费软件,以前Microsoft每个月发布win补丁时，都是推送一堆补丁过来的，这样一个一个的安装win8.1补丁，不仅慢，而且还很繁琐，对于重装系统的人来说，便是更加痛苦。现在终于有每个月汇总的win8.1补丁包，win8.1月汇总补丁包包含了这个月份的所有补丁集合，也就是用户每个月只要打这一个补丁，就万事大吉了，到了下个月再打新的，就可以替代老的。需要安装这个月补丁的朋友赶紧来下载吧！,微软,语言：简体中文,Windows8.1月汇总补丁包(Win8.1补丁包月汇总更新) 2017.11(32位),8,161.58 MB,更新：2017-11-17
授权：免费软件,"        简单的说Wordpress是一个BLOG程序，用它你可以架设完全属于你自己的BLOG。而Wp现在的应用又不仅仅只是在BLOG方面，因为其强大的扩展性，部分网站甚至已经开始使用Wordpress来架设，或者说这些BLOG你甚至都看不出它们只是BLOG而已了。WP是一个注重美学、易用性和网络标准的个人信息发布平台.免费的开源软件,但其价值是无法用金钱来衡量. 可以搭建功强大的网络信息发布平台,但更多的是应用于个性化的博客.针对博客的应用,WordPress能让您省却对后台技术的担心,集中精力做好网站的内容.",WordPress,语言：简体中文,WordPress(架设BLOG程序)V4.9官方中文版,10,10.35 MB,更新：2017-11-20
授权：免费软件,"大势至局域网共享权限设置软件是国内首款专业的服务器共享文件权限设置软件、共享文件访问日志监控软件，可以有效监控服务器共享文件的打开、读取、修改、剪切、删除和重命名等操作，还可以防止重要共享文件被删除等，保护单位无形资产和商业机密。,1、记录服务器共享文件夹或共享文件的访问情况，包括读取、拷贝、修改、删除、重命名、打印等情况，可以记录访问者采用的登录账户、IP地址、MAC地址、时间、访问时长、具体操作情况等。,2、根据共享文件夹或共享文件来查询局域网电脑访问共享文件的具体操作情况。,3、根据IP或MAC地址来查询局域网主机对那些共享文件做了那些具体操作。,4、根据访问权限来显示对应的共享文件，没有访问权限的共享文件将予以隐藏。,5、对重要共享文件进行实时备份功能，可以在一定条件下进行实时还原。,6、对重要共享文件进行防删除操作，一旦蓄意或误操作删除共享文件可以恢复。,7、通过账户、IP和MAC地址三重绑定来限定客户端的电脑访问共享文件情况，一旦不符合绑定规则，禁止其访问共享文件。,8、限制外来电脑或未经授权的电脑访问共享文件，也即必须加入到许可访问共享文件的白名单电脑才可以访问共享文件。,9、支持在公司外部或外地访问单位局域网共享文件服务器并提供监控功能。,10、访问共享文件的日志情况可以导出为其他格式，如word、excel等，便于第三方审计。,11、集成开放的功能扩展接口，可以与我公司的商用安全计算机、外来电脑控制系统相互配合，强化对共享文件的保护。",,语言：简体中文,大势至局域网共享权限设置软件 V10.5官方版,6,32.76 MB,更新：2017-05-12
授权：免费软件,"　　七喜视频社区，采用最先进的音视频技术，为用户提供在线交友、在线K歌平台。社区采用多视频窗口收看，并辅以小喇叭、印章、礼物等多种道具结合，为用户打造完美的真实交友新体验。,七喜视频社区具有以下特征：,1、三公麦视频的互动。在七喜视频社区内，每个房间单位都有三个公麦，用户可以选择上公麦展示自己才艺，与好友交流，发表观点。三视频的设计，能够更好的为用户互动服务。,2、礼物的设计。在七喜视频社区内，您可以向其他好友赠送礼物，增强了感情交流方式，多种礼物设计，对社区内气氛，产生了很强的互动性和传递性。,3、印章的设计。印章是七喜视频社区的独特产品，通过好友之间的加盖印章，对社区内的娱乐性是很大的补充。更会产生搞怪、涂鸦等效果。,4、多种场景设计。场景的设计，能够更好、更炫的表现出您的与众不同。是社区内的身份、地位的体现。,5、小喇叭全站呼叫。七喜视频具有小喇叭功能。使用下喇叭，可以把你想说的话，发到全站，在七喜视频社区内的用户，都可以看得到，想说就说，快乐小喇叭。,6、道具的使用。在七喜视频社区内，有橡皮擦，斗转星移等道具，使用道具，增添了社区内的娱乐气氛，与你的好友，进行快乐玩笑。,7、多种会员身份。七喜视频社区内，具有多种会员身份，每种身份都有不同的权限，体验出在七喜视频社区内的独特地位。, ",qixi55.com,语言：简体中文,七喜视频社区聊天室 4.6.3官方版,6,17.27 MB,更新：2017-05-11
授权：免费软件,七彩助手是一款十分实用的苹果手机管理软件，七彩助手配合itunes一起使用，无需越狱，无需ID，不闪退，闪电安装，实现快速、免apple id给苹果手机安装应用，10秒快速安装，安全方便！同时集成了系统铃声、壁纸、游戏和海量应用。苹果用户首选七彩手机助手！,http://youqicai.com/,语言：简体中文,七彩助手(七彩苹果手机助手) V5.2.2官方版,6,112.76 MB,更新：2017-07-14
授权：免费软件,StartIsBack++(Win10开始菜单)是一款最好用的开始菜单恢复软件，Win10开始菜单增强工具！StartisBack++ 能在桌面建立一个Start Menu的快捷方式，消费者能非常方便的在桌面模式和Modern模式下进行切换。新版可以将开始菜单所有程序能够按照Win7的使用喜欢对所有程序进行分类，功能非常强大！,startisback.com,语言：简体中文,StartIsBack++(Win10开始菜单) V2.5.2官方版,10,1.16 MB,更新：2017-10-13
授权：免费软件,"百度推广客户端官方版是一款可供百度搜索推广、网盟推广、医疗推广、教育推广和问答营销用户免费使用的账户管理软件，是您桌面上的百度推广大管家。百度推广客户端不仅能助您高效地处理海量物料，更是您的跨产品多账号管理平台和优化决策平台，助您轻松快捷地完成整套账户管理优化工作。,1、批量编辑：您可以对大量物料进行批量新增、编辑、删除、复制、粘贴，一次性调整不同物料单元价格，批量编辑创意/转移单元...大幅提高推广效率，优化从此变得简单；,2、效果分析：帮助您根据多个关键词指标找出重点关键词；,3、账户优化：您可以直接获叏优化建议，便捷批量修改待优化的问题物料；,4、关键词工具：全方位的提词支持，精确捕获优质关键词，助您选词无忧；,5、快速定位：您可以通过筛选功能、物料定位系统等功能，快速定位关键物料，节省操作时间；,6、智能分析：您可以直观了解账户数据表现，多角度了解账户现状，直观了解推广效果。 ",百度推广,语言：简体中文,百度推广客户端 V5.9.10.0官方版,10,7.43 MB,更新：2017-11-13
授权：免费软件,青春保护伞是一款保护孩子上网安全的软件，能够实时过滤不良网站和信息对青少年的侵害，避免孩子受到不良信息的影响还能让小朋友养成健康的上网习惯。青春保护伞非常适合家长们使用。,,语言：简体中文,青春保护伞 V1.3官方版,6,5.64 MB,更新：2017-05-10
授权：免费软件,"邮洽邮箱是一款邮箱管理客户端，支持几乎所有的邮箱，致力做最好用的办公邮件系统，轻聊的商务办公IM，认真的沟通上邮洽。,1、简化沟通 与任意邮件联系人发起单聊/群聊，消息支持两分钟内撤回，群信息可设置免打扰，合并所有会话框，超大文件轻松传，快不止一点。,2、全平台同步 支持多账号跨设备同时登录，手机端与电脑端信息完美同步，聊天记录云端永久保存，重要信息绝不遗漏。,3、人脉管理 自动记录邮件往来联系人，瞬时同步三五互联企业组织架构，联系人详情可编辑标注，沟通快人一步。,4、极致安全 邮洽由上市企业三五互联控股，基于其二十年企业信息化服务经验用心打造，高强度全方位数据加密，多重防护您的个人和商业隐私信息。",邮洽,语言：简体中文,邮洽邮箱电脑版 V1.4.0.4官方版,6,15.23 MB,更新：2017-11-06
授权：免费软件,"夜神安卓模拟器是目前唯一一款采用类手机界面视觉设计的PC端软件，夜神模拟器电脑版采用世界领先的内核技术，具有同类模拟器中最快的运行速度和最稳定的性能。玩家可以通过本软件在电脑上玩手机游戏，  感受更大的屏幕、更快的速度、更完美的操控体验。,速度比上一代模拟器快一半以上,下载完毕，夜神安卓模拟器将自动启动，瞬间进入模拟器页面，点击浏览器按钮，可以浏览网页，也可以在网页上下载应用。您也可以直接点击“下载”按钮，直接下载游戏到模拟器。,游戏体验：运行完美 ，酣畅淋漓的享受,夜神安卓模拟器电脑版独特的按键模拟功能，可实现方向控制和枪口标准按键，并且支持 OpenGL 3D  加速、多开、全屏等特性，真正带来电脑玩手机游戏的大屏体验。,常用功能：机智灵活的人性化设计,地理位置模拟，可随意点选虚拟位置，比如玩怪物弹珠台服的时候，你能把模拟器的地区设置在香港的某个地方，便于组队。,夜神模拟器电脑版摇一摇操作，类似微信的摇一摇功能，实现电脑摇红包的功能，速度更快、抢的更爽。,截图功能，点击一下，咔嚓一声，就可以完成截屏操作，方便玩家组队聊天。,游戏辅助：贴心细致的特色辅助功能设置,夜神安卓模拟器，可以随意调整Android屏幕的显示分辨率，无论玩家想要宽阔的横屏显示，或者模拟手机的竖屏显示，都可以找到合适的设置。,设置了帮助与反馈等辅助功能，点击帮助与反馈会打开夜神官方论坛，用户可以在这里反馈问题、获得帮助，或者与其他用户交流。",yeshen.com,语言：简体中文,夜神安卓模拟器电脑版(PC夜神模拟器电脑版官方下载) V5.2.1.0官方下载版,10,280.6 MB,更新：2017-11-01
授权：免费软件,"MusicBee中文版是一款专业免费的音乐管理软件，MusicBee拥有对庞大音乐库的强大组织和管理能力。MusicBee各种功能散布在各处的右键菜单中，MusicBee定位于全方位的音乐管理工具，但是运行速度却比前者快太多了。,MusicBee中文版支持文件夹和设备同步以及CD转轨,和 itunes 一样，作为一款定位于全方位的音乐管理工具，MusicBee 的功能是非常全面，可以作为音乐库管理和播放器之用，不过它的运行效率却远远比 itunes 快很多！, ,免费,与 MusicBee 类似的音乐管理软件 Mediamonkey 和 Helium 虽然也很强大但都是收费软件（有功能限制的免费版本），而MusicBee则是完全免费的。 ,全格式支持,最常见的 tta、tak、wav、alac、ape、flac 都能默认支持。另外还支持 mp3、aac、ogg 等。 ,高度自定义的视图，MusicBee 可以自定义各种视图用来展示、组织歌曲，让你能从纷繁的音乐库中快捷的定位歌曲。,优秀的封面显示和查找功能,可以同时基于目录结构和音乐库管理音乐,强大的自动列表和播放列表混合器,管理超大音乐库 ,可创建和切换多个音乐库,扩展性",Steven Mayall,语言：多国语言[中文],MusicBee(音乐管理软件) V3.1.6512中文版,6,13.14 MB,更新：2017-11-02
授权：免费软件,人才盒子是一款猎头和HR个人使用的简历云存储和管理工具，人才盒子提供多渠道简历数据归纳汇总和同步保存、一键搜索、工作备忘、收藏等功能，限时容量免费，你有多少简历数据都可以放上来，简历数据再也不怕丢了！,rchezi.com,语言：简体中文,人才盒子(简历管理软件) V1.2.7官方版,6,107.92 MB,更新：2017-06-08
授权：免费软件,"网易mumu模拟器(网易MuMu助手)是一款由网易官方推出的可以在电脑上体验安卓手游游戏和应用的安卓系统模拟器。网易mumu助手兼容市面上90%的主流手游，兼容AMD/inter主流处理器，分辨率随心设计一键截屏、键位自定、老板键等。网易mumu模拟器安装后可在电脑上运行安卓应用,电脑一秒变手机,畅玩手机游戏,电脑手机数据互通。",网易,语言：简体中文,网易mumu模拟器(网易mumu助手) V1.15.3官方版,10,7.76 MB,更新：2017-07-28
授权：免费软件,TwoIntegral.dll是一款能够帮助到各位缺少TwoIntegral.dll文件的朋友，进行TwoIntegral.dll文件错误修复的DLL。该dll可以解决加载TwoIntegral.dll出错问题，找不到TwoIntegral.dll的问题,微软,语言：简体中文,TwoIntegral.dll(TwoIntegral.dll下载)官方版,6,371 KB,更新：2017-05-10
授权：免费软件,TTSManager.dll是一款能够帮助到各位缺少TTSManager.dll文件的朋友，进行TTSManager.dll文件错误修复的DLL。该dll可以解决加载TTSManager.dll出错问题，找不到TTSManager.dll的问题,微软,语言：简体中文,TTSManager.dll(TTSManager.dll下载)官方版,6,17 KB,更新：2017-05-10
授权：免费软件,tcl82.dll是一款能够帮助到各位缺少tcl82.dll文件的朋友，进行tcl82.dll文件错误修复的DLL。该dll可以解决加载tcl82.dll出错问题，找不到tcl82.dll的问题,微软,语言：简体中文,tcl82.dll(tcl82.dll下载)官方版,6,76 KB,更新：2017-05-10
授权：共享软件,"达思数据恢复软件标准版是国内著名的数据恢复技术研发机构达思科技的首款力作，全面解决PC电脑数据丢失等问题的高效率软件。达思数据恢复软件标准版可以全面解决Windows操作系统下的NTFS及FAT文件系统的各种数据丢失的问题，如分区误删除、分区合并、分区格式化、一键恢复后变成一个大分区，数据误删除、文件系统损坏、分区表丢失等常见问题。 该软件针对FAT文件系统进行了算法优化，可以有效解决FAT文件系统数据丢失目录和文件名无法恢复的难题。 ,： ,1、支持NTFS、FAT文件系统； ,2、对误删除、误格式化效果好！ ,3、分区删除后数据恢复恢复效果完整！ ,4、FAT文件系统数据恢复算法先进，文件目录结构好！ ,5、支持磁盘镜像功能！ ,6、支持提取空闲空间，有效提高数据恢复效率！ ,7、支持磁盘、分区备份！",达思凯瑞技术（北京）有限公司,语言：简体中文,达思数据恢复软件标准版(电脑数据恢复软件下载)V2.5官方版,6,5.39 MB,更新：2017-05-10
授权：免费软件,"如果您的系统提示“找不到hsm_fi.dll”或“hsm_fi.dll缺失”  或者“hsm_fi.dll错误”等等，请不用担心，请来下载吧!",微软,语言：简体中文,hsm_fi.dll(hsm_fi.dll下载)官方版,6,26 KB,更新：2017-05-10
授权：免费软件,"如果您的系统提示“找不到hwapplication_hml.dll”或“hwapplication_hml.dll缺失”  或者“hwapplication_hml.dll错误”等等，请不用担心，请来下载吧!",微软,语言：简体中文,hwapplication_hml.dll(hwapplication_hml.dll下载)官方版,6,21 KB,更新：2017-05-10
授权：免费软件,如果您的系统提示“找不到HKTDRAW.dll”或“HKTDRAW.dll缺失” 或者“HKTDRAW.dll错误”等等，请不用担心，请来下载吧!,微软,语言：简体中文,HKTDRAW.dll(HKTDRAW.dll下载)官方版,6,33 KB,更新：2017-05-10
授权：免费软件,"如果您的系统提示“找不到igdumdim64.dll”或“igdumdim64.dll缺失”  或者“igdumdim64.dll错误”等等，请不用担心，下载到该dll文件后用Winrar解压缩直接拷贝到原目录即可解决错误提示!",微软,语言：简体中文,igdumdim64.dll(igdumdim64.dll下载)官方版,6,6.01 MB,更新：2017-05-10
授权：免费软件,"ucrtbased.dll是电脑系统中至关重要的一个小文件，电脑是否能够稳定运行全靠这些dll文件。若用户电脑弹出“找不到ucrtbased.dll文件”或者“ucrtbased.dll文件丢失”的话，可下载提供的DLL文件，通过它可有效的修复用户的情况。,使用方法,1、解压下载的文件。,2、复制文件“ucrtbased.dll”到系统目录下。,3、系统目录一般为：C:WINNTSystem32 64位系统为C:WindowsSysWOW64,4、最后点击开始菜单-->运行-->输入regsvr32 ucrtbased 后，回车即可解决错误提示。",微软,语言：简体中文,ucrtbased.dll(ucrtbased.dll下载)官方版,6,544 KB,更新：2017-05-10
授权：免费软件,轻松文件恢复软件是一款高性能的硬盘文件恢复软件，采用最新的数据扫描引擎，从磁盘底层读出原始的扇区数据，经过高级的数据分析算法，把丢失的目录和文件在内存中重建出原分区和原来的目录结构，数据恢复的效果非常好。可以恢复被删除或者格式化或者分区丢失的数据，支持IDE/SCSI/SATA及USB移动硬盘/SD卡/U盘/RAID磁盘等多种存贮介质。,qshuifu.com,语言：简体中文,轻松文件恢复软件 V2.1官方版,6,8.73 MB,更新：2017-06-30
授权：免费软件,如果您的系统提示“找不到fcScan.dll”或“fcScan.dll缺失” 或者“fcScan.dll错误”等等，请不用担心，来下载安装即可!,微软,语言：简体中文,fcScan.dll(fcScan.dll下载)官方版,6,110 KB,更新：2017-05-10
授权：免费软件,"如果您的系统提示“找不到frd_esn.dll”或“frd_esn.dll缺失”  或者“frd_esn.dll错误”等等，请不用担心，来下载安装即可!",微软,语言：简体中文,frd_esn.dll(frd_esn.dll下载)官方版,6,21 KB,更新：2017-05-10
授权：免费软件,"风之影浏览器是一款功能强大的免费浏览器，风之影集成了诸多强大而且方便的功能帮助用户提高在线工作的效率和娱乐的体验。风之影浏览器可以让用户在更短的时间内完成更多的事情，而无需费时费力的从不同渠道寻找各种外部插件。风之影浏览器使用Blink渲染引擎，建立于开源的Chromium项目之上(谷歌的Chrome浏览器也是基于这个开源项目)。风之影集成了诸多强大而且方便的功能帮助用户提高在线工作的效率和娱乐的体验。,1. 快速智能填表器,用于代替chrome里面原有的功能简单的口令管理器。让您真正一键登录常用的在线帐号。,2. 可定制的工具条,风之影浏览器的工具条可以完全定制。您可以增加更多的按钮以快速访问诸多强大的功能。,3. Facebook集成,一键分享你正在阅读的网页，选中的文字和图片。,4. 内置视频下载器,以不同的格式和分辨率下载在线视频。并支持从下载的视频中提取mp3文件。,5. 极速照片上传,使用自动缩图技术，提高照片上传速度高达20倍。,6. 上传照片快速美图,给上传的照片快速增加相框和其他美图效果,7. 灵活的网页翻译功能,您可以在任意两种语言之间翻译整个网页或者选中的一段文字,8. 天气预报,无需打开任何网站就可以直接在浏览器界面上面查看本地天气信息。",FlashPeak,语言：简体中文,风之影浏览器 V16.0.3.0中文版,6,43.18 MB,更新：2017-11-08
授权：免费软件,"风之影浏览器是一款功能强大的免费浏览器，风之影集成了诸多强大而且方便的功能帮助用户提高在线工作的效率和娱乐的体验。风之影浏览器可以让用户在更短的时间内完成更多的事情，而无需费时费力的从不同渠道寻找各种外部插件。风之影浏览器使用Blink渲染引擎，建立于开源的Chromium项目之上(谷歌的Chrome浏览器也是基于这个开源项目)。风之影集成了诸多强大而且方便的功能帮助用户提高在线工作的效率和娱乐的体验。,1. 快速智能填表器,用于代替chrome里面原有的功能简单的口令管理器。让您真正一键登录常用的在线帐号。,2. 可定制的工具条,风之影浏览器的工具条可以完全定制。您可以增加更多的按钮以快速访问诸多强大的功能。,3. Facebook集成,一键分享你正在阅读的网页，选中的文字和图片。,4. 内置视频下载器,以不同的格式和分辨率下载在线视频。并支持从下载的视频中提取mp3文件。,5. 极速照片上传,使用自动缩图技术，提高照片上传速度高达20倍。,6. 上传照片快速美图,给上传的照片快速增加相框和其他美图效果,7. 灵活的网页翻译功能,您可以在任意两种语言之间翻译整个网页或者选中的一段文字,8. 天气预报,无需打开任何网站就可以直接在浏览器界面上面查看本地天气信息。",FlashPeak,语言：简体中文,风之影浏览器64位 V16.0.3.0中文版,10,48.26 MB,更新：2017-11-08
授权：免费软件,"猿辅导学生版是猿题库的兄弟产品，为初高中学生提供真人在线辅导。基于大数据教研、汇聚全国名师。猿辅导电脑客户端将利用猿题库用户的海量练习数据，以及在数据挖掘和人工智能上的技术积累，实现每一个学生每堂课的课件都是基于真实能力定制，包括课堂上的例题和练习题均和学生当前的能力水平直接相关，从而真正的实现因材施教！,实时直播，真人互动,支持手机、电脑同步上课，早7点至晚11点，随选随上，足不出户，在家上课,全国名师，任你挑选,名校背景、资深教龄、竞赛获奖，无论你在哪 都能选名师，每节课都可以自主调换老师,名师一对一，一节课39元,一节课55分钟，可单节购买，课前4课时可任意退改，课堂内容全程视频回放,课堂效率高，提分快,基于学习能力定制专属课件，海量考试数据匹配习题，课堂学习报告实时反馈",北京贞观雨科技有限公司,语言：简体中文,猿辅导电脑客户端 V5.0.1.2508学生版,6,76.61 MB,更新：2017-05-11
授权：免费软件,"猿辅导教师版是猿题库的兄弟产品，为初高中学生提供真人在线辅导。基于大数据教研、汇聚全国名师。猿辅导电脑客户端将利用猿题库用户的海量练习数据，以及在数据挖掘和人工智能上的技术积累，实现每一个学生每堂课的课件都是基于真实能力定制，包括课堂上的例题和练习题均和学生当前的能力水平直接相关，从而真正的实现因材施教！,实时直播，真人互动,支持手机、电脑同步上课，早7点至晚11点，随选随上，足不出户，在家上课,全国名师，任你挑选,名校背景、资深教龄、竞赛获奖，无论你在哪 都能选名师，每节课都可以自主调换老师,名师一对一，一节课39元,一节课55分钟，可单节购买，课前4课时可任意退改，课堂内容全程视频回放,课堂效率高，提分快,基于学习能力定制专属课件，海量考试数据匹配习题，课堂学习报告实时反馈",北京贞观雨科技有限公司,语言：简体中文,猿辅导电脑客户端 V3.4.1.0教师版,6,26.64 MB,更新：2017-05-11
授权：免费软件,"360路由器卫士官方版(360路由助手)是款能识别市面上常见的路由器的品牌名称、型号、默认路由器上网账户名称的功能软件。用户可根据路由助手显示信息，看到路由器相对应的品牌名称和机型，并可以进行对应品牌对应机型固件升级、刷机或维护等工作。总之，路由助手(360路由助手)是防蹭网的好助手！,1、存在 不只为路由,路由器助手支持目前市面上79.32%的路由器。除了能够快速精准的识别路由器外，还能化繁为简，仅需2步即可设置新路由器上网。更加友好的人机交互体验让您更高效更智能的使用路由器，路由器不再是角落里落灰的存在，我们将逐渐唤醒ta，给您带来美妙的智能生活,2、管理 不只想平庸,路由器助手能够帮您查看正在一起上网的电脑、电视、手机及平板等设备，方便您查看这些智能设备的信息，同时还可以管理这些设备的网速。今后我们还将提供更多的特色功能，让您的普通路由变得更加智能，更加人性，更加懂您,路由器助手,3、安全 不只是防黑,路由器构筑防蹭网、防远控、防入侵及防劫持四大防护体系。防止他人占用您的网速，阻止黑客远程控制您的路由器及智能设备，拦截黑客入侵您的家庭网络，同时还能减少上网时遇到木马、钓鱼及广告网站的风险。让安全无处不在，让风险无处可藏",360,语言：简体中文,360路由器卫士(360路由器助手下载) V2.1.0.1055官方版,10,7.36 MB,更新：2017-08-24
授权：免费软件,"12306分流抢票软件是一款完全免费的12306火车抢票软件，自动抢票、自动识别验证码，轻松实现秒单、稳定捡漏等强大功能，还没抢到车票的朋友赶紧使用吧！,12306分流抢票软件2017功能特色：,查询余票：输入出发地-目的地,选择乘车日期,查询余票，即加载到列表。,配置参数：选择乘车人-席别-车次,建议多选车次和席别,增大成功的几率。,开始刷票：整点抢票,修改查询间隔，捡漏则默认不修改间隔,点击开始刷票。,订票成功：设置好订票成功的提醒，QQ-短信-声音提醒等，45分钟内在官网付款。,V1.10.2：,1、增加心跳请求,保持登陆状态,2、修复循环登陆的BUG,V1.9.60：,1、增加打码兔实时余额动态显示,2、改写自动更新，避免下次更新失败,3、修改Loading页面跟随鼠标移动,4、修改验证码刷新时图标加载顺序,V1.9.58：,1、修改小黑屋间隔为2分钟，避免缓存重复提交,2、微调验证码坐标，降低错误的概率,V1.9.53：,1、开启登陆验证码频繁刷新而不被限制的功能,2、增加0点后提示系统维护的友好设计,3、增加打码兔错误的中文提示及余额不足等检测,4、增加打码兔登陆被禁止的检测及处理提示,5、增加测试打码的时间的耗时计时,6、增加验证码标题多选字样，友好提示,7、增加学生票购买时间的动态判断,8、修复刷新限制图片反馈给打码兔的BUG,9、修改检查状态的频率从10分钟变为20分钟,10、修改Loging页面的淡出效果，缩短打开时间,11、修改打码兔的调用函数，最大化优化速度,12、修改未保存查票日期的默认日期为次日,13、修改备用车站库与12306同步配置,V1.9.25：,1、增加代理批量测试,2、修复内网用户无法进入设置代理页面的问题,3、修复重名用户无法改签的问题,V1.9.16：,1、部分用户极速抢票模式遇到无响应自动切换普通模式。,2、修改最小化窗口时不输出查询数据，优化性能。,3、修复部分用户复杂密码登陆不上的问题。,4、修复多选日期重叠照成多次查询的BUG。,5、调整赞助商获取CDN规则。,6、细节优化。",12306bypass,语言：简体中文,12306分流抢票软件(2017火车票抢票软件 火车票自动刷票软件) V1.12.53绿色版,10,5.14 MB,更新：2017-11-07
授权：免费软件,Intel SSD Toolbox是Intel出品的固态硬盘管理，诊断及优化软件。所有的英特尔品牌SSD均可以用此来进行管理，新的界面带来了更好的易用性，并且对设备的监控也更加的全面。Intel SSD固态硬盘最新的管理工具，对SSD使用者很好。它的主要作用包括：增强Intel SSD管理，包括SSD性能优化，系统设置，调校以及安全擦除数据，汇总并分析硬盘识别信息，SMART属性查看，SSD硬盘诊断扫描，检测任何可能发生的读写错误。,Intel,语言：简体中文,Intel SSD Toolbox(英特尔固态优化工具) V3.4.7官方中文版,6,74.47 MB,更新：2017-09-15
授权：免费软件,"驱动精灵是一款专业的电脑驱动安装管理软件，下载吧提供的是驱动精灵2016官网下载，是官方体验版。2016年公司将更加专注电脑硬件驱动，打造最好最全的电脑驱动库，装机再也不用求别人，轻松解决硬件驱动问题。, , 专注十五年，最全驱动库, 自1998年建立驱动之家网站而始，15年来， 我们对于硬件驱动的深入研究从未停止，每时每刻，我们都在不断积累和完善驱动支持。, 驱动级技术，精准测硬件, 全新的硬件检测技术不仅带来更详细的硬件检测结果，还提供了CPU、显卡等温度及电池电量的实时监控功能，让您在使用电脑的时候更放心。, 装机不求人，功能更丰富, 经过千锤百炼的系统补丁与软件宝库功能， 帮您实现快速装机一条龙。系统漏洞及时补， 需要软件直接选，快速又安全，保障您的电脑正常工作。, ,8.1.108.1323：,1、改进驱动助手图文方案加载流程；,2、改进驱动升级提醒功能的规则；,3、更新垃圾清理和软件管理模块。,V8.0.1023.1271：,1、在软件管理中加入全新改版的游戏宝库。,2、解决软件管理中第三方搜索结果返回的软件大小不规范时显示出错问题。,3、更新垃圾清理模块。,4、修复一处引起程序不稳定的隐患。,V8.0.711.1210：,1、改进驱动一键安装流程,2、修正CDN服务器有问题导致下载超过总大小时，驱动列表控件的显示问题；,3、更新垃圾清理模块。,V8.0.703.1201：,1、改进驱动一键安装流程,2、修正CDN服务器有问题导致下载超过总大小时，驱动列表控件的显示问题；,3、更新垃圾清理模块。",驱动之家,语言：简体中文,驱动精灵2017(驱动精灵2017官方下载)9.6.1120.1380官方版,10,27.85 MB,更新：2017-11-21
授权：免费软件,瓜皮万能播放器是一款非常实用的影音播放器。瓜皮万能播放器完美支持主流的视频与音频，播放高清流畅，操作简单，性能卓越，支持拖拽文件式播放。,2368工作室,语言：简体中文,瓜皮万能播放器 V1.1官方版,10,67.55 MB,更新：2017-05-11
授权：免费软件,"梦想CAD绘图插件不需要AutoCAD就能独立运行。控件使经过多年的累积已经非常稳定可靠，功能完善。有关键的空间搜索算法，并使用汇编优化，图形的显示和处理效率比同类产品高出很多。,1、极速启动；,2、自主开发平台，极速简小，功能齐全；,3、解决CAD正版问题；,4、兼容AutoCAD,支持所有版本DWG文件格式；,6、主要功能；,7、打印功能；,8、显示功能；,9、图元支持；,10、几何运算；",成都梦想凯德科技有限公司,语言：简体中文,MxCAD(梦想CAD绘图插件) V5.2.20170504官方版,6,23.37 MB,更新：2017-05-11
授权：免费软件,"格雷盒子孩子端是一款可以保护儿童健康成长的软件。这款格雷盒子孩子端是在孩子部分使用的,让爱护子女的爸爸妈妈们就可以随时查看到自己子女的状况。",格雷盒子,语言：简体中文,格雷盒子电脑端 V5.6.2官方版,6,1.82 MB,更新：2017-05-11
授权：免费软件,"TIM是由腾讯推出一款全新的聊天软件，腾讯TIM电脑版与QQ不同的是，IM仅针对办公，让职场沟通更为方便高效！QQ办公版TIM款应用的界面非常简洁，与QQ很相似，只不过在功能方面多了协作文档、邮件、日程、电话等等服务，对于职场人士来说更为常用。QQ办公版支持使用QQ号登录，并且好友以及消息是完全同步的，不会错过重要信息和内容。,1、熟悉的QQ习惯,简洁的操作界面，轻量易用；,QQ号登录，好友、消息完全同步。,2、高效的多人协作文档,支持多人在线编辑Word、Excel文档；,支持Web网页查看，还能导出文档。,3、免费的音视频通话,免费的音视频通话,支持多人通话，及会议预定。",腾讯,语言：简体中文,腾讯TIM电脑版(腾讯QQ办公版TIM官方下载) V2.0.0官方版,10,59 MB,更新：2017-11-01
授权：免费软件,蓝剑多功能托盘日历时钟是一个可以完美替换Windows系统右下角托盘时钟的小巧的桌面工具软件。可以在替换系统的托盘时钟后的日历时钟中显示日期、时间、农历、星期等内容，后续还可以显示提醒信息。可以自定义显示内容的颜色，简单小巧实用。,,语言：简体中文,蓝剑多功能托盘日历时钟 V1.2.1官方版,6,4.97 MB,更新：2017-05-11
授权：免费软件,"　　Waterfox是基于Firefox的浏览器，使用Mozilla官方稳定版源码，基于64位平台编译而成，可以使用所有官方版Firefox支持的扩展，使用64位的Flash、Silverlight和Java插件。Waterfox已获得Mozilla官方认证的原生64位浏览器。,　　64位系统下的64位应用毫无疑问会带来更好的性能，Mozilla的Firefox虽然版本更新极快，但64位版本却始终步履蹒跚，而且它非常早期和不稳定，对于64位系统的朋友们来说用什么来提升浏览器性能呢，答案是Waterfox，这应该是目前最稳定的Windows 64位版本的Firefox修改版，它改进了大内存和64位计算的细节，让Firefox在64位下速度更快，运行更顺畅。,　　安装这款软件需要,运行时，并且还需要安装64位,、Silverlight和Java才能有完整Web体验，因为这些插件的32和64位是相互不兼容的。,Fixes in 36.0.4 (Waterfox更新日志),Fixed installer issues that didn’t let Vista users install Waterfox",Waterfox,语言：多国语言[中文],Waterfox(水狐浏览器Firefox64位优化版)55.2.0简体中文版 x64位,10,69.61 MB,更新：2017-10-09
授权：免费软件,"小米云服务助手是小米为小米手机用户开发的小米云服务客户端软件，小米云服务登录平台是用户桌登录软件，查看并管理云相册、便签、云盘、短信、通讯录等，还能通过最新的云输入功能直接与手机通信。,照片/云盘文件批量上传下载,实时洞察云端数据变动",小米,语言：简体中文,"小米云服务助手(小米云服务登录平台,小米云服务客户端官方下载) V0.1.17官方版",6,63.62 MB,更新：2017-06-09
授权：免费软件,HKBTest是一款键盘测试工具，HKBTest小巧迷你，可以用于键盘按键冲突检测，可以快速查出哪些按键有冲突，还可以测试键盘最大按键冲突数量。,,语言：简体中文,HKBTest(按键冲突检测) V2.0.0绿色中文版,6,43 KB,更新：2017-05-12
授权：免费软件,"极速抢票是专门针对12306制作的抢票软件，操作简单，自动选择速度最快服务器，抢票效果好，支持自动识别验证码、自动刷票、刷票成功后邮件通知，支持自动选择最快服务器，刷票比人更快一步。,一、余票查询,输入始发站和到达站后，一键查询余票数量和所有车次。,二、有票直接预订,在余票查询结果中，对有票车次直接预订。,三、无票极速抢票,如果想要的车次席位没有票了，可以使用自动刷票功能，可以同时选择多车次、多席位、多日期、多乘客。,四、成功邮件通知,抢票的事情交给软件，你尽管出去嗨，成功后自动发送邮件通知。,五、验证码识别,目前支持验证码自动识别，不用盯着屏幕打小怪兽啦。,六、订单查询,支持查询未完成订单、未出行订单，历史订单。支持一键退票。,七、操作简单,风格最大程度保持与12306.cn一致，并做大量优化，速度更快，操作更简单。",极速抢票,语言：简体中文,极速抢票(抢票软件) V1.0.0.16官方版,10,3.51 MB,更新：2017-05-12
授权：免费软件,精良智能自动分班系统是一款分班软件。顶尖级别指标，逼近理论极限，关系生打招呼预设班级，早恋小团体互斥分散，尖子生、差生、高分、低分、男女 、原学校、借读生、住校生...统统均 衡偏差≦1，绿色免安装，直接使用，无需设置，真正一键搞定、一气呵成！,精良教务软件,语言：简体中文,jFB精良分班软件 V17.4.29绿色免费版,6,22.7 MB,更新：2017-05-12
授权：免费软件,八戒3D模型管家(八戒模型管家)是国内唯一真实模型素材库管理系统。涵盖家居装饰、建筑结构、设备设施、景观园林等各行业领域，提供设计、采购一站式服务，并通过模型架起设计师与建材商之间的桥梁，利用模型获得多维度的联接，让资源得到更合理的分配和应用，开创建材产业互联网“云商”时代。,bajiemx.com,语言：简体中文,八戒3D模型管家(八戒模型管家下载) V1.2官方版,6,1.62 MB,更新：2017-05-10
授权：免费软件,"如果您的系统提示“找不到F3POPSWT.DLL”或“F3POPSWT.DLL缺失”  或者“F3POPSWT.DLL错误”等等，请不用担心，来下载安装即可!",微软,语言：简体中文,F3POPSWT.DLL(F3POPSWT.DLL下载)官方版,6,59 KB,更新：2017-05-10
授权：免费软件,"如果您的系统提示“找不到F4400_chm.dll”或“F4400_chm.dll缺失”  或者“F4400_chm.dll错误”等等，请不用担心，来下载安装即可!",,语言：简体中文,F4400_chm.dll(F4400_chm.dll下载)官方版,6,6 KB,更新：2017-05-10
授权：免费软件,"如果您的系统提示“找不到FtScInfo.dll”或“FtScInfo.dll缺失”  或者“FtScInfo.dll错误”等等，请不用担心，来下载安装即可!",微软,语言：简体中文,FtScInfo.dll(FtScInfo.dll下载)官方版,6,35 KB,更新：2017-05-10
授权：免费软件,"如果您的系统提示“找不到HydraServicesSecond.dll”或“HydraServicesSecond.dll缺失”  或者“HydraServicesSecond.dll错误”等等，请不用担心，请来下载吧!",微软,语言：简体中文,HydraServicesSecond.dll(HydraServicesSecond.dll下载)官方版,6,420 KB,更新：2017-05-10
授权：免费软件,"如果您的系统提示“找不到HP.SEV.Registry.dll”或“HP.SEV.Registry.dll缺失”  或者“HP.SEV.Registry.dll错误”等等，请不用担心，请来下载吧!",微软,语言：简体中文,HP.SEV.Registry.dll(HP.SEV.Registry.dll下载)官方版,6,14 KB,更新：2017-05-10
授权：免费软件,黑猫小型进销存是真正一分钟就可以上手的进销存软件，简洁实用的小型进销存管理软件，爸妈也能用的进销存软件！,HiMocc.Com,语言：简体中文,黑猫小型进销存管理系统官方下载V5.2.0官方版,10,6.12 MB,更新：2017-05-11
授权：免费软件,"能力课堂客户端是一款直播课程在PC端的必备工具，该软件可以有效地帮助老师和学生进行远程交流与互动，提高学习效果，提升学习效率。深受广大师生的喜爱。,视频直播,视频直播，师生可以图像、语音、文字互动；,文件共享,把office文件在能力直播中打开，学生就可以在千里之外看到这份文件了，老师可以在分享的文件上书写文字，标记重点等；,白板功能,老师可以在白板上随意写画，最多能支持10个白板同时共存；,屏幕共享,老师可以把自己的电脑屏幕分享给学生，方便老师传递信息；,课堂提问,随堂提问，当场测试学生的掌握情况，学生回答后立刻可以看到答题情况的统计结果；,视频录制,把辛辛苦苦讲了几个小时的课程录制下来，还可以上传到网上，让没能参加直播的学生也可以看到当时的直播状况！","Ablesky, Inc.",语言：简体中文,能力直播(pc在线直播课堂) V3.0.4.2官方版,6,14.65 MB,更新：2017-09-15
授权：共享软件,"数据恢复精灵是易数科技基于DiskGenius内核，面向广大普通用户，开发的数据恢复软件(硬盘恢复软件)。数据恢复精灵是一款技术领先、功能强大、简单易用的 数据恢复软件，使用数据恢复精灵，您能迅速地恢复丢失的文件或分区。数据恢复精灵采用傻瓜式的向导界面，非常容易上手，操作异常简捷，即使您不是电脑高手，也能在几分钟内成为数据恢复专家！使用数据恢复精灵，可以先用软件恢复数据，找到要恢复的文件，并成功预览后，再购买软件，给您百分百的放心！,因为数据恢复精灵是基于DiskGenius内核开发的，因此，在数据恢复功能上，除了普通用户很少接触的一些方面（比如RAID恢复），数据恢复精灵与Diskgenius是完全等价的，说数据恢复精灵是最优秀的数据恢复软件亦不为过。",易数科技,语言：简体中文,易数数据恢复精灵4.3.1.316官方版下载(硬盘恢复软件),10,36.57 MB,更新：2017-11-21
授权：免费软件,netsign20.dll是存放在windows系统中一个重要dll文件，缺少它可能会造成部分软件或游戏无法正常运行。当你的电脑弹出提示“缺少netsign20.dll”或者“计算机没有找到netsign20.dll”等错误信息，请下载小编为你提供的dll文件，使用它可以帮助您解决上述问题。,微软,语言：简体中文,netsign20.dll(netsign20.dll下载)官方版,6,106 KB,更新：2017-05-11
授权：免费软件,klngtplg.dll是一款能够帮助到各位缺少klngtplg.dll文件的朋友，进行klngtplg.dll文件错误修复的DLL。该dll可以解决加载klngtplg.dll出错问题，找不到klngtplg.dll的问题,微软,语言：简体中文,klngtplg.dll(klngtplg.dll下载)官方版,6,337 KB,更新：2017-05-11
授权：免费软件,龙迅A5会员管理系统是一款针对连锁店，连锁商家实行会员制管理营销研发出来的一款会员系统，此系统可无限制扩展店铺数量。通过系统功能进行会员管理，商品库存管理，集中分析各店消费数据，更为准确的了解会员消费行为，锁定热卖产品，实现商品快速周转，提高自上而下的高效协同管理效率。其宗旨是帮助商家吸引会员，提高会员忠诚度，提高管理效率，轻松管理各个分店。目前已于微信端打通，与微信商城，微信会员无缝对接。,龙迅长天,语言：简体中文,龙迅A5会员管理系统 V7.0.1.0官方版,6,22.9 MB,更新：2017-05-11
授权：免费软件,krflash.dll是一款能够帮助到各位缺少krflash.dll文件的朋友，进行krflash.dll文件错误修复的DLL。该dll可以解决加载krflash.dll出错问题，找不到krflash.dll的问题,微软,语言：简体中文,krflash.dll(krflash.dll下载)官方版,6,220 KB,更新：2017-05-11
授权：试用软件,龙迅A6会员管理软件是一款在局域网内运行，适合单店使用的会员管理软件，如药店，超市，度假村，酒店等，只要是单个店面，不要求联网，数据同步的都可以使用，如果商家目前为单店铺，建议您使用会员管理系统A6，会员管理系统具有运行速度快。龙迅会员管理系统是专门针对餐饮、美容美体、超市、会所、消费娱乐等场所开发的一套会员管理软件，从会员办卡到退卡，从会员储值到会员消费，以及商品的管理和销售，我们能为您提供整套的解决方案。,龙迅长天,语言：简体中文,龙迅A6会员管理软件 V7.0.1.0官方版,6,15.9 MB,更新：2017-05-11
授权：共享软件,云集客是为美业全新打造的SaaS门店管理系统。不同于以往的店铺管理软件，云集客基于最新的互联网前沿技术，并结合美业门店的经营管理特点，优化各功能模块的操作流程，让使用变得更加简单高效，从而大大提升了门店的日常管理和经营效率。云集客充分发挥互联网资源优势，更好的配合店铺需求联动线上线下营销活动，减少营销成本，提升营销效果。后续，云集客还将利用大数据技术帮助门店从多维度分析日常经营数据，精准定位客户需求，合理分配资源，节约门店运营成本，为门店带来更大的收益。,北京云集客网络有限公司,语言：简体中文,云集客美业管理系统 V4.0.1官方版,6,66.8 MB,更新：2017-07-04
授权：免费软件,"CommonLFun.dll(修复系统CommonLFun.dll文件丢失)是一款能够帮助到各位缺少CommonLFun.dll文件的朋友，进行CommonLFun.dll文件错误修复的DLL。该dll可以解决加载CommonLFun.dll出错问题，找不到CommonLFun.dll的问题,如果您的系统提示""找不到CommonLFun.dll""或""CommonLFun.dll缺失""  或者""CommonLFun.dll错误""等等，请不用担心，请把CommonLFun.dll下载到本机。",微软,语言：简体中文,CommonLFun.dll(CommonLFun.dll下载)官方版,6,9 KB,更新：2017-05-11
授权：免费软件,"如果您的系统提示“找不到f2d2g4vq.dll”或“f2d2g4vq.dll缺失”  或者“f2d2g4vq.dll错误”等等，请不用担心，来下载安装即可!",微软,语言：简体中文,f2d2g4vq.dll(f2d2g4vq.dll下载)官方版,6,8 KB,更新：2017-05-11
授权：免费软件,"如果您的系统提示“找不到FdiaProfile.dll”或“FdiaProfile.dll缺失”  或者“FdiaProfile.dll错误”等等，请不用担心，来下载安装即可!",微软,语言：简体中文,FdiaProfile.dll(FdiaProfile.dll下载)官方版,6,80 KB,更新：2017-05-11
授权：免费软件,"如果您的系统提示“找不到FBPR_EUK.dll”或“FBPR_EUK.dll缺失”  或者“FBPR_EUK.dll错误”等等，请不用担心，来下载安装即可!",微软,语言：简体中文,FBPR_EUK.dll(FBPR_EUK.dll下载)官方版,6,7 KB,更新：2017-05-11
授权：免费软件,"qwindows.dll下载(丢失qwindows.dll修复)，解决加载qwindows.dll出错问题，找不到qwindows.dll的问题,如果您的系统提示""找不到qwindows.dll""或""qwindows.dll缺失""  或者""qwindows.dll错误""等等，请不用担心，请把qwindows.dll下载到本机。",微软,语言：简体中文,qwindows.dll(qwindows.dll下载)官方版,6,537 KB,更新：2017-05-11
授权：免费软件,JRSoftcp.dll是一款能够帮助到各位缺少JRSoftcp.dll文件的朋友，进行JRSoftcp.dll文件错误修复的DLL。该dll可以解决加载JRSoftcp.dll出错问题，找不到JRSoftcp.dll的问题,微软,语言：简体中文,JRSoftcp.dll(JRSoftcp.dll下载)官方版,6,64 KB,更新：2017-05-11
授权：免费软件,"EasyConfig是一款十分强大的网络监控搜索工具,作为网络监控搜索软件中的佼佼者,这款EasyConfig拥有着强大的功能以及让人简单即可上手的操作流程和强大的技术支持。",,语言：简体中文,EasyConfig(网络监控搜索工具) V12.0.0官方版,6,8.38 MB,更新：2017-05-11
授权：免费软件,搜狗软件助手是一款好用的软件管理软件。搜狗软件助手提供高速以及高品质的软件下载，本地更新，卸载管理以及软件搜索服务。搜狗软件助手提供安全的正版软件及时的更新提醒，是您管理软件的称心工具。,SOGOU,语言：简体中文,搜狗软件助手(软件管理工具) V3.2.2.58官方版,10,12.16 MB,更新：2017-05-12
授权：试用软件,"共享文件夹加密超级大师可以帮助您解决文件被修改、删除和通过各种途径传播泄漏的问题。共享文件夹加密超级大师专为企业用户设计，有效保护局域网共享文件夹。软件提供了共享文件夹用户权限设置功能，可以为每一个用户分配不同的权限，完美解决了""共享即不能保密，保密即不能共享""这一难题，有效地防止了重要数据泄密。加密后的共享文件夹具备防复制、防截屏、防删除、防另存为、禁用剪贴板等功能，是企业共享文件加密管理的最佳选择！共享文件夹加密超级大师只需在需要加密的共享文件夹所在的电脑安装即可全网使用，局域网内的其他电脑无需安装！,加密的共享文件夹可以添加多个普通用户，普通用户可以设置不同的用户名、密码和权限。,11种用户权限，如打开文件、修改文件、使用剪切板（禁止使用剪切板用户将无法复制、移动文件和复制文件里的内容）、删除文件、打印文件等。,还可以设置用户使用共享文件夹的次数和用户的有效期。,可以几秒内完成对共享文件夹的加密。,可以一次加密多个共享文件夹。,共享文件夹加密、解密过程简单方便。,共享文件夹加密后里面的文件就全部隐藏加密了，只需要运行共享文件夹里面的客户端就可以了。,加密共享文件夹客户端使用方法和系统里面的资源管理器一致，不需要学习就可以简单上手。,共享文件夹加密后保密性极高，没有正确用户名和密码无法看到和使用共享文件夹里面的加密文件。,共享文件夹加密超级大师只需在服务器安装一次即可全网使用，客户端无需安装！",洛阳夏冰软件技术有限公司,语言：简体中文,共享文件夹加密超级大师 V1.15官方版,10,8.58 MB,更新：2017-05-12
授权：试用软件,文件夹只读加密专家是专业的文件夹加密软件，拥有强大的加密文件夹和本地磁盘用户管理系统，可以设置用户对加密文件夹或磁盘的不同使用权限，从根本上杜绝重要数据被泄漏的风险！,洛阳夏冰软件技术有限公司,语言：简体中文,文件夹只读加密专家 V1.15免费版,10,8.56 MB,更新：2017-05-12
授权：免费软件,"PP助手PC端已经更新，可完美支持iOS7各项功能！为iPhone/iPad用户提供崭新功能“正版应用”，不用越狱更加不用注册Appstore，勿需跳转iTunes即可实现一键快速下载正版资源。手拿iPhone5无需越狱也能免费下载资源。,PP助手电脑端即使是iOS6.1.3也能免费下载资源，无需越狱，更加不用担心付费的问题，大型热门游戏软件统统一键即可简单下载！而且人下载速度高于iTunes五倍。提供iOS全固件下载与SHSH管理，全面适用于iPhone、iPad、iTouch，让软件、游戏、音频、壁纸的管理更全面、更轻松、更快捷，掌上移动更精彩。,PP助手电脑版有着最全的正版APP库，海量APP资源任你选择，不用心疼，一键获取！还处在观望状态的你，让你爽到爆！正版免费体验APP：真正超过22W，不用越狱----不用注册----不用iTunes 轻松获得应用。,V2.3.2.4629：,1.完美兼容iTunes 64位问题；,2.优化PP助手（正版）修复闪退流程；,3.其他细节优化及体验改善。,1.增加手机搬家功能。,2.优化细节体验。,1、适配iOS 8 越狱设备；,2、优化用户细节体验流程；,1、修复PP助手正版闪退,2、兼容iPad air 2 和iPad mini 3,3、优化部分用户反馈体验问题,1、支持PP助手正版bundle id 更换，将旧版PP助手数据迁移至新版PP助手正版,2、新增应用忽略更新模块,3、悬浮窗新增充电提示功能,4、修复用户反馈部分BUG,1、网络资源应用页面全新改版,找软件、游戏更方便,2、弹窗提示优化。,3、悬浮窗展示优化。,4、修复用户反馈部分问题。,1、增加悬浮窗功能，清理垃圾、软件升级更便捷；,2、工具箱新增PP微信聊天信息管理、支持聊天记录备份恢复；,3、工具箱新增PP微信表情精灵，支持表情导入导出；,4、增强系统稳定性，修复已知BUG。,1.增加软件的稳定性。,1.增加短信备份提示。,2.增加短信会话排序功能。,3.修正部分用户反馈的若干问题。","Aihe Internet Technology Co., Ltd",语言：简体中文,PP助手电脑版(iPhone手机管理软件pp手机助手iphone版) V5.6.0.3665正式版,10,41.34 MB,更新：2017-11-02
授权：免费软件,Mumble是一款高品质低延迟实时语音工具，专为游戏玩家而开发的专业设备。低延迟、高品质的语音交流软件，特设了在混乱环境中的噪音及回音检测过滤功能，其他人是不会听到用户喇叭中发出的声音的。,,语言：英文,Mumble(Mumble实时语音工具下载)V1.3.0.2368官方版,6,20.99 MB,更新：2017-05-11
授权：免费软件,"向上卫士是一款专门为学生提供绿色上网、健康安全服务的软件,可以让孩子在学习的时间禁止访问除了上网外的所有网站和软件,帮助家长对孩子进行上网监控,为小学生创造一个绿色安全的上网环境,杜绝一切网络垃圾比如暴力色情网站等等。,1、禁止访问指定网站,家长可以设置您所信任的网站,只有在添加到“开放网站”的名单才能正常联网使用！,2、禁用软件,可以禁用对孩子造成不良影响的软件,禁用软件添加后将暂时不能运行。,3、计划设置,家长可以在此允许孩子上网的时间,防止孩子沉迷网络,从而培养孩子良好的上网习惯。设置完成后,需要重启浏览器才可生效。",up360.com,语言：简体中文,向上卫士(绿色上网) V1.0官方版,6,2.78 MB,更新：2017-05-11
授权：免费软件,"“掌上看家采集端“(电脑版)主要用来连接设置家中的摄像头，使得普通的电脑摄像头和USB摄像头也具备专业监控摄像头的功能，帮您实现远程无线监视。,在其他的手机/平板或电脑上安装“掌上看家”软件即可连接观看实时视频。即使远在千里之外，家中一切也能尽收眼底。主要用于防盗监控，也可以掌握家中老人小孩或是宠物的一举一动，保障其安全。所有信息和图像的传送，都经过加密，仅限您的电脑和手机使用(点对点传输)，有效保障隐私安全。,无需配备昂贵的安防器材，一般的电脑，摄像头或手机即可使用，非常方便。,第一步：在电脑端下载并安装监控端软件“掌上看家采集端”，运行后会自动获取与您监控端设备绑定的唯一的CID号码，(可修改的)用户名和密码，并生成二维码;,第二步：在其他设备如手机、电脑端、平板等下载并安装监控端软件“掌上看家”，注册并登录后，扫描“掌上看家采集端”生成的二维码，或者手动输入“掌上看家采集端”生成的CID，用户名和密码，即可连接观看。",http://www.ichano.cn/download/,语言：简体中文,掌上看家电脑版(视频监控软件) V3.5.8 采集端官方下载,10,5.49 MB,更新：2017-05-26
授权：共享软件,"U盘内存卡批量只读加密专家适用于销售多媒体设备、加密U盘和加密内存卡的商家、想快速把普通U盘和内存卡变成加密U盘和内存卡的企业、商家和个人，同时也适用于想对自己在U盘和内存卡上数据进行使用权限控制的用户。软件拥有三种加密强度，满足不同人群的各种加密需求。U盘内存卡批量只读加密专家真正为您的重要数据保驾护航！,对U盘和内存卡进行加密时，您可以根据需要添加多个U盘和内存卡的普通用户。并且这些用户的对加密U盘和内存卡里面的文件的使用权限您可以进行各种设置。如完全权限、只读权限和读写权限或者是自定义权限，十一种权限设置任您自由搭配，灵活性强。通过权限设置，可以让您的加密U盘和内存卡里面的文件能够真正地防复制、防删除、防修改、防另存为、防打印、防重命名等。此外，您还可以限制使用次数和使用时间，从而保证您数据的安全性和机密性。",洛阳夏冰软件技术有限公司,语言：简体中文,U盘内存卡批量只读加密专家(U盘内存卡加密) V1.17官方版,10,8.62 MB,更新：2017-06-29
授权：免费软件,7GIF是一款gif编辑浏览软件。该程序还允许您通过帧移动并保存您想要保留的部分。7GIF你还能修改动画速度、 倒带它和看看详细的图像信息。它也是可能将GIF与此实用程序关联。7GIF让GIF动画播放变得更容易控制，并且提供了诸多的设置选项。你可以把7GIF做为系统默认的GIF查看器。,Xtreme-LAb,语言：简体中文,7GIF(gif编辑浏览器) V1.2.2官方版,6,924 KB,更新：2017-05-11
授权：免费软件,Bulk Crap Uninstaller是一款软件批量卸载工具。Bulk Crap Uninstaller批量卸载软件简单易用，而且体积非常小，主要功能是大批量的卸载软件，现在市面上的软件管家卸载软件都需要一个一个的删除，等待过程很枯燥，现在有了bulk crap uninstaller卸载软件一键搞定。,klocmansoftware,语言：英文,Bulk Crap Uninstaller(批量卸载软件) V3.19.0官方版,6,2.47 MB,更新：2017-11-01
授权：免费软件,"FrostWire(P2P文件共享)官方版是一款基于Limewire开发的P2P文件网络共享客户端。FrostWire比Limewire更好用,使用Java语言开发实现，具备友好的用户界面的系统。FrostWire中文名称是“酷线”，是Frostwire官方网站的简体中文版说法，其名称也来源于LimeWire。",FrostWire.com,语言：简体中文,FrostWire(P2P文件共享) V6.6.0.248官方版,6,23.08 MB,更新：2017-11-03
授权：免费软件,"通用PE工具箱是一款适合个人用户和技术人员共同使用的PE工具箱，安装方法非常简单。对于初学者来说，只需要选择将工具箱安装到U盘，然后再点击下一步就可以完成安装，非常方便。,当您选择“安装到当前系统(推荐)”  这个选项并安装后，安装程序会在电脑的系统盘里安装一个启动非常简单的PE工具箱，每次开机都可以选择进入，启动超快。通用pe工具箱官网安装程序将首先引领您进行一些安装前的相关设置。这些个设置对于初学者来说可能有些陌生，这时您可以不用多做考虑直接点安装。",tongyongpe.com,语言：简体中文,通用PE工具箱(通用pe工具箱下载) V7.7官方下载版,10,487 MB,更新：2017-08-25
授权：免费软件,"社区网格化服务管理信息平台是按照网格化管理的要求，将现实的社区信息数字化，使管理者通过计算机直观的掌握辖区住户、人口、单位、企业个体户、重点隐患部位等信息及分布情况，并对社区服务信息、党建信息、计生信息等进行全方位管理。,社区网格化服务管理信息平台功能：,1 网格化信息管理：按【街道】>【社区】>【网格】>【小区】>【楼栋】>【单元】>【门牌号】的级联方式对辖区的基本信息进行管理。,2 住户信息管理：对辖区内的住户基本信息、地理定位、住户人口信息等进行了管理。,3 人口信息管理：对人口的基本信息、工作信息、社保信息、计生信息、等，进行了全方位的管理。,4 企业个体工商户信息管理:对辖区内的营业场所、个体工商户的基本信息、地理定位信息、从业人员信息等，进行了全方位的管理。,5 单位信息管理：对单位的基本信息、地理定位信息、单位人员信息等进行了全方位管理。,6 重点隐患信息管理：对辖区内的重点隐患部位，如：防汛重点地段、消防安全隐患、安全生产隐患、危房等，以及隐患的地理定位信息、责任信息、整改情况等进行了管理。,7 党建信息管理：对辖区党员信息、党员活动信息、组织活动信息、组织机构信息等进行了管理，自动生成了直观的组织机构图。,8 计生信息管理：对辖区内的育龄妇女信息、节育措施等进行管理。,9 社情民意管理：对辖区内居民生活、工作中的实际问题进行了管理。,10 平安建设管理：对辖区内居民大小民事及刑事案件进行管理。,11 规章制度管理：对社区相关的法规、政策、规章、制度等，进行了分类管理。,12 数据的同步汇总功能：将多个单机版数据同步汇总到汇总计算机，实现单机版本的数据共享功能。,13 自动备份和恢复数据库的功能：随时随地备份或恢复数据库，保障了系统的安全。,14 其它功能：  权限设置功能、口令修改功能、记事本和计算器功能。",久龙软件,语言：简体中文,社区网格化服务管理信息平台 V12.0官方版,6,51.87 MB,更新：2017-05-12
授权：免费软件,瞄再买VRoom是一款为客户提供集家居设计、家具一站式购买、沉浸式体验于一体的软装设计平台。瞄再买vr软件为你提供家具家私购买服务，您可通过瞄再买VRoom设计自己的房屋的整体布局，并且在瞄再买VRoom上直接购买，瞄再买VRoom为你提供一站式服务。,上海宜维计算机科技有限公司,语言：简体中文,瞄再买VRoom(瞄再买VR客户端) V1.2官方版,6,56.7 MB,更新：2017-05-12
授权：免费软件,"BIGEMAP地图下载器谷歌版(谷歌卫星地图下载器)是由大地图数据服务有限公司研发的一套集地图下载，地图浏览、数据编辑类地理信息系统软件。BIGEMAP地图下载器谷歌版系统利用谷歌地图资源，实现从谷歌地图服务器直接下载卫星图片、高程数据、剖面图、历史像、三维数据，提供实时数据、地图查询、行政区域地图下载。所下载的地图数据没有无水印，支持数据纠偏，支持投影转换，下载的数据可应用于学术科研、工程测绘、城市规划、导航旅游等诸多领域。,一、全球卫星图像下载 1.1支持行政区域、框选矩形、多边形区域范围高清卫片下载，支持沿路线高清卫片下载。所有下载卫片1.2高清、准确、无水印，让你叹为观止。,二、地图叠加、无缝拼接 2.1支持谷歌街道地图、三维城市、3d地图多模式自由切换和叠加； 2.2高效无缝拼接、无损压缩、分块拼接； 2.3支持用户自定义地标绘制到拼接的大图上，便于您测绘、编辑及应用。,三、专业纠偏、超高精度 3.1支持任意尺度、任意幅面数据下载，且所有下载数据完美纠偏。纠偏后的数据精读在5米以内； 3.2针对不同投影地图完美纠偏、加偏，并提供Kml或Excel格式，便于各类工具加载编辑。,四、地图坐标系轻松转换 4.1支持WGS84地图坐标系转换； 4.2支持北京54地图坐标系转换； 4.3支持西安80地图坐标系转换。,五、BIGEMAP地图下载器谷歌版地图数据分析 5.1提供距离测量、面积和周长计算； 5.2等高线自动生成，可导出为excel、txt、kml等多种格式； 5.3地形剖面图生成、分析工具； 5.4可沿路线、矩形提取高程； 5.5提取生成的高程文件可直接导入等高线图； 5.6多格式数据导入、导出，包括kml、mysql、gpx、plt、shp等。 5.7提供距离测量、面积和周长计算； 5.8等高线自动生成，可导出为excel、txt、kml等多种格式； 5.9地形剖面图生成、分析工具； 5.10可沿路线、矩形提取高程； 5.11提取生成的高程文件可直接导入等高线图； 5.12多格式数据导入、导出，包括kml、mysql、gpx、plt、shp等。 5.13三维地势渲染，三维地形显示； 5.14框选矩形区域的三维地形模型文件导出3D模型；,六、地图发布服务，支持实时缓存发布、离线发布 6.1离线网站制作、离线金字塔瓦片导出。 6.2三维地势渲染，三维地形显示； 6.3框选矩形区域的三维地形模型文件导出3D模型； 6.4地图发布服务，支持实时缓存发布、离线发布； 6.5离线网站制作、离线金字塔瓦片导出。 ,七、线地名实时查询 7.1支持公交线路查询、站名查询，线路叠加显示、拼接导出，kml导出； 7.2边界查询：支持kml导出； 7.3天气实况显示； 7.4实时云图显示，拼接导出。,八、多线程高速下载、断点续传 8.1支持多线程瓦片下载，根据网络状态和用户PC配置智能分配下载连接数、在保障最高下载效性的同时不影响用户其他操作； 8.2断点续传，当前下载任务因人为、断电或其它因素导致任务中断下载，再次下载该任务时，从中断的位置继续，而不必从头再来。,九、在线更新、终身护航 9.1在线自动升级，保障用户获取到最新地图数据，第一时间享受到最新功能； 9.2庞大专业的售后服务团队，终身为你的事业保驾护航。",,语言：简体中文,BIGEMAP地图下载器谷歌版(谷歌地图下载器下载)V16.7官方版,6,27.49 MB,更新：2017-05-12
授权：免费软件,XiXi SDS软件可制作化工行业必备的SDS（化学品安全说明书）。自助制作，一键生成联合国GHS版，美国版，欧盟版。包含格式、术语、数据。本软件收录了欧盟化学品管理局（ECHA）公开的十几万个产品的危害分类（用于SDS第2部分），收录了近千万种产品在美国、欧盟等多个权威公开数据库的信息。只需填写公司名称和产品信息，即可一键得到完整的SDS。可以免费制作联合国GHS最新版的SDS。官网也提供Mac版本软件。,杭州智化科技有限公司,语言：简体中文,XiXi SDS MSDS软件 V1.1官方版,6,45 MB,更新：2017-05-12
授权：免费软件,"WinEIM（助讯通）是一款即时通讯软件（英文名称：WinEIM ），更是一套为企业量身定制的安全即时通讯平台，采用是C/S模式！　　,助讯通客户端其主旨是让处在企事业单位或公司网络中的所有员工之间即时通讯、即时交流、协同办公！　　,WinEIM分为客户端和服务端，体积小巧，功能全面；详细的权限设置、贴心的多种类别的消息传递服务；在某一台电脑上安装好WinEIM Server端，所有员工电脑上都安装WinEIM,并登录到 WinEIM Server 即可，所有员工都可以在线即时交流，群发会议通知、文件等！",助讯通,语言：简体中文,助讯通客户端(助讯通客户端软件下载) V9.6.15官方版,6,14.54 MB,更新：2017-09-27
授权：免费软件,"名编辑电子杂志大师是一款免费的功能非常强大的电子杂志制作工具，名编辑电子杂志大师集编辑与转换于一身的企业级电子杂志制作软件，通过名编辑电子杂志大师可以导入PDF/图片，以导入的内容作为电子杂志的基础页面，再度进行编辑，也可以在软件里新建空白页面直接编辑制作电子杂志。,V2.3.4：,1、可对导入的PDF分别设置电脑版和手机版页面的质量参数（如页面大小和清晰度）。,2、新增手机版模式设置、预览（尤其方便需要制作手机微杂志微信杂志的用户）。,3、改版输出界面，可以单独输出手机版。,4、新增替换页面的功能。,5、新增页面排版模板（插入页面时，可以选择模板，直接可以把内容换成自己的）。,6、当视频播放时，背景音乐停止。,7、社交分享功能可以设置国内的社交分享站（如QQ空间、微博等）。,8、其他一些细节功能，以及修复了一些bug。",万彩信息技术,语言：简体中文,名编辑电子杂志大师(电子杂志制作软件) V2.4.9官方版,10,122.08 MB,更新：2017-07-25
授权：免费软件,"助讯通服务端WinEIM是一款即时通讯软件（英文名称：WinEIM ），更是一套为企业量身定制的安全即时通讯平台，采用是C/S模式！　　,助讯通服务端其主旨是让处在企事业单位或公司网络中的所有员工之间即时通讯、即时交流、协同办公！　　,WinEIM分为客户端和服务端，体积小巧，功能全面；详细的权限设置、贴心的多种类别的消息传递服务；在某一台电脑上安装好WinEIM Server端，所有员工电脑上都安装WinEIM,并登录到 WinEIM Server 即可，所有员工都可以在线即时交流，群发会议通知、文件等！",助讯通,语言：简体中文,助讯通服务端(助讯通WinEIM Server端下载)V9.6.15官方版,10,44.26 MB,更新：2017-09-27
授权：免费软件,"360驱动大师(360驱动管家)是一款专业解决驱动安装更新软件，百万级的驱动库支持，驱动安装一键化，无需手动操作，360驱动大师首创的驱动体检技术，让你更直观了解您电脑的状态，强大的云安全中心让保证您所下载的驱动不带病毒，快一点，再快一点，体验一键化安装和升级的乐趣，驱动大师陪你一路行。,1、一键极速安装驱动，安装过程无需参与；,2、首创驱动体检功能，一目了然；,3、强大的云安全驱动检测，百万级驱动库完美支持。",360,语言：简体中文,360驱动大师(360驱动管家下载)V2.0.0.1345 官方版,10,8.05 MB,更新：2017-11-10
授权：免费软件,"360驱动大师网卡版是一款集成万能网卡的解决驱动问题的工具。因为网卡属于电脑硬件，没有网卡驱动的电脑是上不了网的，更加更新不了其他的驱动。现在，360驱动大师网卡版自带万能网卡驱动，能让系统能正确识别并关联硬件，帮助我们更好地安装和更新驱动。,360驱动大师网卡版支持百万级的驱动库，驱动安装一键化，无需手动操作，首创的驱动体检技术，让你更直观了解您电脑的状态，强大的云安全中心让保证您所下载的驱动不带病毒，快一点，再快一点，体验一键化安装和升级的乐趣，驱动大师陪你一路行。,1、通用网卡驱动：在没有网卡驱动的情况下自动从本地安装网卡驱动，方便新装机用户,2、驱动体检：首创驱动体检技术，更快更精准地识别您的电脑，电脑信息一目了然,3、精确识别：在线云端独有的技术，准确地驱动匹配，让驱动安装更简单,4、极速安装：同样的软件我们比速度；同样的速度我们比安装；同样的安装比体验；比同类软件安装更快、更轻便,5、硬件识别：首创一键智能识别假显卡、假硬件，让无良硬件商无处可藏,6、即插即用：真正让你体验即插即用的乐趣，让复杂的安装流程随之远去，硬件本应如此简单",360,语言：简体中文,360驱动大师网卡版(集成万能网卡驱动) V2.0.0.1345官方版,10,134.99 MB,更新：2017-11-10
授权：免费软件,"Vivaldi浏览器(维瓦尔第浏览器)是由Opera联合创始人、前CEO谭咏文(Jon von Tetzchner)创立的基于Chromium/Blink内核的浏览器。Vivaldi极客浏览器适用于高端用户，它可能正是你在寻找的那个浏览器。Vivaldi浏览器增加了一些独特的功能。比如，用户们可以将多个页面整合成一个页面，以便快速浏览相关网站。另一项新功能是支持用户在浏览器中直接记笔记，同时还可以将屏幕截图保存下来，这样用户日后就能更容易记起为什么当时认为那些网站是重要的。,1、一切皆可定制,我们生而不同，喜好各殊。Vivaldi浏览器是为适应用户而生，而非与此相反。你想把标签栏放在屏幕底部或者侧边？或者想把地址栏换个位置？在 Vivaldi 里你可以对此任意设置；此外还有更多可能性：键盘快捷键、鼠标手势……,2、快捷命令,你是一个键盘党？那么你一定会喜欢Vivaldi维瓦尔第浏览器。快捷命令让你可以搜索所有打开的标签页、书签、历史记录、设置以及其它更多内容，而你只需按下一个简单的快捷键。我们的目标是让快捷命令菜单高度可定制，允许你创建自己的命令并立刻执行。,3、标签堆叠和平铺,太多凌乱的标签让你烦透了吧？让 Vivaldi极客浏览器帮你整理它们。用标签组整理标签吧！你可以把多个标签收纳到一个标签组下，只需简单地把一个标签拖放到另一个标签上就可以实现成组。你一定会喜欢它。,4、随时随地写笔记,浏览网页的时候，可以随时在“笔记”面板中添加笔记和截图。笔记功能会自动记录相关的网站，保存截图等附件，你还可以为它添加标签以便整理和以后查找。,5、Web 技术,Vivaldi浏览器的一个独特之处在于它构建于现代 Web 技术之上。我们使用 JavaScript 和 React 并在 Node.js 和一长串 NPM 模块的帮助下创建了用户界面。Vivaldi 是采用 Web 构建的 Web 浏览器。,6、自适应界面,Vivaldi极客浏览器的配色方案会自动适应您浏览的网页，就像变色龙会适应周围的环境一样。一个干净、现代化的外观充实了内容。Facebook 会使浏览器变成蓝色，The Verge 则会使它变成红色 — 就是这样。,7、空间导航,再也无需用 TAB 键在页面里循环跳转，用方向键即可沿轴线任意移动光标，只需键盘即可游历页面任何角落。,8、强大的书签,你的浏览器里有多少书签？56，225，或者 1056？如果你经常使用书签，那你可来对了！借助 Vivaldi 书签管理器你可以高效地管理和访问书签。通过设定标签和昵称你可以闪速访问。,9、Web 面板,Web 面板功能让你在 Vivaldi浏览器的侧面板中浏览网站。像阅读新闻、跟踪社交媒体实时状态、与朋友聊天以及更多类似应用，都可以独立于浏览器主浏览区之外。这是浏览器里除了“老板键”以外又一个好用的功能。",维瓦尔第科技公司,语言：多国语言[中文],"Vivaldi浏览器(维瓦尔第浏览器,极客浏览器vivaldi浏览器下载)V1.13.997.3官方版",8,42.1 MB,更新：2017-10-27
授权：免费软件,"和飞信是由中国移动推出的全新即时通讯软件。和飞信2017是在以前飞信的基础上全新改版的，和飞信电脑版能够实现聊天，发图片，发文件，还能以短信方式接收讨论组离线消息。对创建者和被邀请加入者无限制，用最快速的聚集方法，带来最高效的沟通。,短信升级，视频、图片随心发，消息不间断。,电话升级，音视频通话自由切换，通话、消息同步进行,多方通话，电话、群聊一键发起,流量红包，发、抢、求，玩转流量,新联系，通信录社交、黄页、网上营业厅，生活更轻松。",中国移动,语言：简体中文,和飞信2017(全新2017和飞信电脑版官方下载) V6.1.10.1707官方版,10,66.14 MB,更新：2017-09-22
授权：免费软件,"如果您的系统提示“找不到FptConMachinConBillQuery.dll”或“FptConMachinConBillQuery.dll缺失”  或者“FptConMachinConBillQuery.dll错误”等等，请不用担心，来下载安装即可。",微软,语言：简体中文,FptConMachinConBillQuery.dll(FptConMachinConBillQuery.dll下载)官方版,6,12 KB,更新：2017-05-14
授权：免费软件,"东方输入法官方版是一款功能强大全新的汉字输入法，软件支持拼音、五笔、拼音五笔混输三种模式，且还集合了火星文输入、双拼输入等输入模式，可以满足你的各类输入需求！东方输入法简单精美的界面，超低在内存占用，且无广告弹窗烦恼，可以说东方输入法是一款装机必备的输入法。,1.最新最实用的拼音输入法，使用更方便！,2.四种输入模式：纯五笔、纯拼音、五笔+拼音、双拼；,3.智能处理，不用切换模式直接输入拼音亦能识别；,4.内存消耗低，并且提供最新皮肤供您挑选。,V2.1.1.0：,1、修复了按最近输入会造成部分候选词错误的,2、优化了整个功能设置和设置向导以及词库管理工具的,3、优化了查询词库算法，常用汉字按词频排序,4、增加了用户可以自己自定义候选字大小的功能,5、增加了Win8支持Ctrl + Space切换中英文的功能,6、增加了20000个常用词库，增加了部分GBK字,7、增加了导入词库合并功能",eastday.com,语言：简体中文,东方输入法(拼音五笔输入法下载) V2.5.8.10131官方版,10,31.58 MB,更新：2017-11-16
授权：免费软件,"QQ音乐在2016年迎来了重大的发展，qq音乐2016最新版官方下载正式版是中国最大的正版高品质音乐服务提供商。QQ音乐2016电脑版最大的特点多终端云同步，让音乐无处不在。QQ音乐2016最新版提供猜你喜欢、独家首发、歌单广场、排行榜等多种多样的推荐方式，助你轻松发现好听音乐。QQ音乐2016官方融入社交让音乐更多惊喜互动，随时点歌给QQ/微信好友，分享到朋友圈/微博/空间，表达你的音乐心情，聆听好友分享，邂逅音乐惊喜。,：,1.客户端框架调整，全新界面，让音乐的操作管理更便捷。 ,2.歌词写真界面加入歌词翻译，支持近10万英日韩泰歌曲。 ,3.全新的分类频道，通过分类快速找你的喜欢的相似类别歌曲。 ,4.我的音乐中歌曲列表增加按歌手/歌曲名/专辑名排序。 ,5.全新的个人主页：收听好友歌单，通过音乐基因发现相似音乐品味的朋友。 ,6.详情页取消浮层样式，直接在当前页面呈现，增加浏览效率和便捷性。 ,7.试听列表加入固定入口，便于编辑操作。 ,8.试听列表加入删除重复歌曲的功能。 ,9.我的音乐中下载、本地导入、自建歌单、收藏歌单界面及视觉风格统一。 ,10.品牌形象更新，客户端品牌色及各页面视觉风格升级。",腾讯公司,语言：简体中文,QQ音乐2017电脑版(qq音乐2017最新版官方下载正式版)V15.60最新官方版,10,41.32 MB,更新：2017-11-16
授权：免费软件,"    Free Download Manager是一款完全免费的多功能的,和管理工具。支持多线程下载，支持计划任务下载，支持以目录列表查看检索站点内容，支持下载网页内容、图像、文件，支持抓取网页上的链接，支持下载整个网站内容(可设定下载子目录的层次深度)，理论上可下载超过1000 层的子目录网页和图像等内容。支持捕获网页风格样式（以 CSS 内容保存），支持多种格式网页抓取，包括：html、shtm、shtml、phml、dhtml、php、hta、htc、cgi、asp、htm 等等……亦可自己设定格式，可在线以“站点,”查看目标网站的子目录中的内容，支持三种下载通讯模式，支持断点续传，可显示服务器是否支持续传并可设定是否重新下载或覆盖。Free Download Manager是一个强大的下载工具，支持多线程分割下载，它还是一个下载加速器，官方宣传它在某些特定情况下，使用最佳模式下载时，可将下载速度提高到高达 600 % 的速率！支持定时下载和定时挂断连接，下载完成后断开连接或关闭计算机。",Freedownloadmanager,语言：多国语言[中文],Free Download Manager(多功能的下载和管理工具FDM)V5.1.33.6791官方免费版,10,40.94 MB,更新：2017-11-16
授权：免费软件,"    Free Download Manager是一款完全免费的多功能的,和管理工具。支持多线程下载，支持计划任务下载，支持以目录列表查看检索站点内容，支持下载网页内容、图像、文件，支持抓取网页上的链接，支持下载整个网站内容(可设定下载子目录的层次深度)，理论上可下载超过1000 层的子目录网页和图像等内容。支持捕获网页风格样式（以 CSS 内容保存），支持多种格式网页抓取，包括：html、shtm、shtml、phml、dhtml、php、hta、htc、cgi、asp、htm 等等……亦可自己设定格式，可在线以“站点,”查看目标网站的子目录中的内容，支持三种下载通讯模式，支持断点续传，可显示服务器是否支持续传并可设定是否重新下载或覆盖。Free Download Manager是一个强大的下载工具，支持多线程分割下载，它还是一个下载加速器，官方宣传它在某些特定情况下，使用最佳模式下载时，可将下载速度提高到高达 600 % 的速率！支持定时下载和定时挂断连接，下载完成后断开连接或关闭计算机。",Freedownloadmanager,语言：简体中文,Free Download Manager64位(下载管理工具) V5.1.33.6791官方中文版,6,49.05 MB,更新：2017-11-16
授权：免费软件,"猎豹免费WiFi可以一键将电脑中的网卡变身Wi-Fi,从此手机也可享受宽带速度，不再浪费1分钱流量。猎豹免费wifi校园神器在实际评测中，连通率达到国内第一，支持百兆宽带信号传输，这一点彻底超越了国内众多同行，成为今年最热Wi-Fi设备之争中的一匹黑马。,相比起花费百元左右购买设置复杂的无线路由器，猎豹WiFi更适合家庭及旅行时使用，没有任何费用，无需配置，只要可以连接无线网络的电脑都可以使用猎豹免费WiFi创建专属于自己的无线网络。猎豹极速wifi还自带防蹭网功能，国内首创支持识别10余种无线设备和30余种手机品牌，让用户一眼看出“他”是谁。, , ,5.1.15030214：,迎接开学，校园网客户端支持大幅更新 ,支持不同系统环境下共享模式智能开启,多项性能优化、多项BUG修复,5.1.7869.1048：,新增Inode、微哨、锐捷等新版校园网客户端支持,支持不同系统环境下共享模式智能开启,新增连入WiFi设备品牌识别,新增网卡驱动识别,优化DHCP开启逻辑，减少内存占用,修正部分安全软件非正常卸载WiFi导致无法联网BUG,修正Ralink网卡非正常关闭时，可能出现的联网异常,修正某些电脑无法访问功能页bug,修正“隔空传物”网页不支持魅族手机BUG,修正遥控关机权限提醒显示异常bug,：,新增锐捷、天翼飞扬等新版校园网客户端支持,优化不同系统环境下共享模式开启逻辑,开启成提醒改为20秒后自动关闭,更新文件签名,修正Ralink网卡非正常关闭时，可能出现的联网异常,修正遥控关机权限提醒显示异常bug,修改识别某些设备为酷派的bug,修正某些电脑无法访问功能页bug,2014.12.23.1290：,功能整合，优化界面布局，版本升为5.1,优化资源占用，进一步提升共享效率,突显WiFi密码，功能大全前置为百宝箱,新增右键删除小伙伴功能,新增天翼飞扬、锐捷、闪讯等新版校园网客户端支持,新增中兴、神州数码、netkeeper等新版校园客户端支持,新增可能导致系统蓝屏驱动识别与修复,：,全新安装支持“选择路径” ,升级安装支持“覆盖安装” ,新增锐捷、DRCOM等新版校园网支持 ,新增多款无线网卡不稳定驱动自动修正 [修复问题] ,优化NAT接口逻辑，提升稳定性与上网速度 ,优化“一键修复”，增加多个异常场景修复支持 ,修正64位系统下KWiFi不正常退出BUG ,修正因第三方软件托盘图标冲突显示异常问题 ,修正刷新设备可能导致的WiFi开启失败问题 ,修正某特定情况下可能导致的系统崩溃问题,2014.4.30.904,[新增功能], ,新增传图到手机，一键拖图，让图片瞬间飞到手机上 ,新增网络断网后恢复时，WiFi自动开启 [修复问题],修复升级到3.0后，反复开启失败的BUG ,修复拨号环境下，WiFi反复自动重启的BUG,2014.4.29.717,[,],新增万能驱动，完美支持所有随身WiFi ,新增遥控关机，让你在被窝就能关电脑 ,新增手机传图，史上最轻量级传图体验 ,新增有线/无线网络切换时自动重启WiFi [修复问题],修复浏览器打开总是显示欢迎页的问题,修复UCWiFi导致猎豹免费WiFi开启没有欢迎页的问题,修复导致WiFi开启失败的BUG，提升开启WiFi成功率",金山网络,语言：简体中文,猎豹免费WiFi 5.1.17110916 猎豹wifi官方下载(猎豹免费wifi校园神器),10,11.7 MB,更新：2017-11-16
授权：免费软件,AutoRunnerX是Windows自动启动功能的增强软件，支持32位和64位操作系统。它可以实现在U盘或移动硬盘接入电脑时，自动启动你指定的操作。,usb-stick-software,语言：英文,AutoRunnerX(自启增强软件) V2.0.4官方版,6,525 KB,更新：2017-11-16
授权：免费软件,"2017来了，下载吧第一时间跟进提供最新的qq下载2017最新版官方下载电脑版。腾讯qq2017最新版不再以年份命名，开始使用QQ6，QQ7代替。扣扣QQ2017采用全新的视觉效果，更轻更薄更高效，完全跟上平扁化的设计效果！,- 新增群日历，可查看节日、群活动等精彩事件,- 群聊通话管理，有序发言，掌控全场,- 支持用多张图片DIY动态表情，不服来斗图,- 聊天时可发起""演示白板""，随心涂画辅助沟通,- 团队通讯录，快速查看群成员电话,1.QQ群收藏，一人收藏，全成员查看；,2.文件助手新增共享文件，便捷分享本地文件；,3.同事群新增团队通讯录模式，开启后可快速查看群成员电话；,4.支持智能摄像头，可通过QQ实时查看家中动态。,登录速度明显提升！资源占用也大幅降低！,群组电话提前预约，重要通话准时参加,收藏内容支持搜索，快速定位你想要的,优化文件读取效率，提高启动和登录速度,1.远程演示中随时邀请好友，分享内容轻松触达;,2.文档演示支持自由描绘和更多格式，更加自由;,3.优化内存性能，显著降低内存页面错误;,4.改善多核CPU下部分网络、文件操作引起界面卡顿的问题。,1.文档演示支持更多格式，更加自由；,2.文档演示，两方异地会议的好帮手；,3.文档演示支持激光笔、画笔、白板，让一切生动起来；,4.课堂广告过滤功能再次完善，为课堂纪律保驾护航。,1、收藏再编辑，收藏内容随心更改；,2、离线文件，轻松一键即可收藏；,3、QQ收藏入驻Outlook，重要邮件随时备忘；,4、“我的手机页”可添加收藏，贴心无处不在；,5、群禁言支持自定义禁言时长，操作更灵活。,1、QQ收藏入驻Outlook，重要邮件随时备忘。,2、收藏内容可以再次编辑，随时更新。,3、聊天窗口内文档演示，一个屏幕全世界一起看。,4、“我的手机页”可添加收藏。,1、截图新增马赛克工具，隐私遮挡很轻松；,2、收藏网页助手支持更多浏览器，满足你的多样选择；,3、单张图片支持12M发送，聊天发大图不再有阻碍；,4、图片支持拖拽到集成窗口处发送，发图快人一步；,5、好友验证支持恶意号码提醒，添加好友很放心。,1、天气图标增加动态模式，多种酷炫效果等你发现；,2、QQ群新增匿名聊功能，大胆表达你的真实想法；,3、群活动支持面向同城人群，轻松召集更多朋友参与。,1“我的收藏”支持分类查看，内容更清晰、查找更便捷；,2、主面板新增音视频通话等状态标识，加入畅聊触手可及；,3、收藏网页助手支持收藏的内容可编辑，备注信息更方便；,4、多人通话过程中支持摄像头、麦克风随意换，聊天不间断；,5、群成员等级头衔提供更多新选择，也可自定义炫出你的个性；,6、腾讯课堂新增机构大厅，老师与同学课外也能更多互动。,1、讨论组消息记录增加文件页卡，查阅文件更加轻松；,2、截图功能优化，在高清屏幕下体验更加完善。,3、支持同步最近一天聊天记录到本机，多端消息不怕丢。",腾讯公司,语言：简体中文,QQ2017电脑版8.9.6.22404官方正式版下载(腾讯扣扣qq下载2017最新版官方下载电脑版),10,67.69 MB,更新：2017-11-16
授权：免费软件,"    CCTalk客户端是一款致力于为学习爱好者打造最纯正的在线互动学习平台，提供最热门的名师公开课互动直播，以及口语角、听力酷、剧中人等丰富多彩的实时互动学习节目。而且CCTalk客户端让您收获的不仅是外语，更能在沪江网的千万沪友里找到志趣相投的学习伙伴，实用的私聊、语音功能，让您和伙伴们随时保持联系，共同学习进步。,1、实时互动的语音教室,CCTalk给你真实的在线教室体验，举手、抢麦、黑板一个都不少。名师益友在线一起学，全方位立体互动。,2、功能丰富的电子黑板,简单方便的电子黑板操作，老师可以快速上传本地课件或在线编辑。支持文字、图片和视频的丰富排版，内容更加绘声绘色。,3、专注的在线学习体验,界面清爽无广告，视觉清新不干扰。流畅的语音互动体验，为您打造最贴心的在线学习环境。,4、简洁实用的功能设计,方便的课程浏览和预约，清晰的课程表，一键进入在线学习世界。",沪江,语言：简体中文,CCTalk客户端 V7.0.2.7官方版,10,78 MB,更新：2017-11-16
授权：免费软件,"改进Stage3D渲染目标,为iOS、Android加入Stage3D标准配置支持,改进Win8/Win8.1的浏览器缩放级别,改进Windows平台Flash Player全屏方向变更,阴影滤镜,全新Stage3D标准配置,支持英特尔x86 Android平台,改进iOS平台的程序包引擎, ,硬件加速 (增强),矢量数据类型 (新增),3D 效果 (新增),Flash Player高级文本支持 (新增),自定滤镜和效果 (新增),生成动态声音 (新增),绘制 API (增强),：,— 对TextField补充列宽增强支持,— 支持调节全屏视频信息,— 全新Stage3D纹理环绕模式,— Stage3D渲染纹理抗锯齿功能",Adobe,语言：多国语言[中文],Adobe Flash Player for ie 27.0.0.187(adobe flash player 官方下载最新版)官方版,10,19.31 MB,更新：2017-11-16
授权：免费软件," , , ,改进Stage3D渲染目标,为iOS、Android加入Stage3D标准配置支持,改进Win8/Win8.1的浏览器缩放级别,改进Windows平台Flash Player全屏方向变更",Adobe,语言：多国语言[中文],Adobe Flash Player 27.0.0.187 for Firefox(火狐flash插件下载)官方下载,10,19.37 MB,更新：2017-11-16
授权：免费软件,"软件仅为flash文件的,，并无浏览器插件功能。下载吧提供的是flash播放器最新版本下载，随着网络速度与品质的提升，越来越多的网站开始使用Flash来表达网站的内容，以Flash强大的动画与向量画效果来弥补一般动画与HTML指令的不足。紧接着宽频网络网络即将进入我们的生活，相信Flash将会变得更普及。想要一窥Flash强大的动画效果吗？Adobe Flash Player提供你观看Flash特效的机会！",Adobe,语言：简体中文,Adobe Flash Player 官方下载27.0.0.187(flash播放器下载)官方中文版(独立播放器),10,5.9 MB,更新：2017-11-16
授权：免费软件,,adobe,语言：多国语言[中文],Adobe Flash Player Uninstaller 27.0.0.187(Flash卸载工具)官方版,10,832 KB,更新：2017-11-16
授权：免费软件,"bilibili直播姬是B站官方推出的一款直播软件，只管卖萌其他的交给直播姬吧，集成弹幕、一键开播、高清播放、快捷管理，bilibili直播姬一款简单实用的高清直播软件，不管是游戏还是各种三次元都能直播。,一键开播功能，登录后可直接推流至哔哩哔哩直播间，无需网页上进行操作。,快捷管理直播信息和房管信息，点击房间管理和信息修改，可以跳转到对应的设置页面。,集成弹幕姬功能，再也不需要双开弹幕姬和直播程序了。",bilibili,语言：简体中文,bilibili直播姬电脑版(哔哩哔哩直播b站直播软件) V1.11.0.1100官方版,10,38.1 MB,更新：2017-11-16
授权：免费软件,"谷歌浏览器2017Google Chrome是由Google开发的一款设计简单、高效的Web浏览工具。谷歌浏览器chrome浏览器的特点是简洁、快速。Google Chrome支持多标签浏览，每个标签页面都在独立的“沙箱”内运行，在提高安全性的同时，一个标签页面的崩溃也不会导致其他标签页面被关闭。此 外，Google Chrome基于更强大的JavaScript V8引擎，这是当前Web,所无法实现的。,谷歌浏览器Google Chrome浏览器目前尚处在测试版阶段，在很多方面还需要进一步完善。chrome浏览器是一款开源,，借鉴了苹果的WebKit(,使用的引擎)、 Mozilla的,及其他相关应用。Google官方声称将开放Google Chrome的全部源代码。,——“询问Google的建议”拼写检查功能进行了改进（例如语法和同形异义词检查）；,——在Windows平台上，谷歌浏览器支持多用户分别创建桌面快捷键；,另外，Chrome26还修复了多个已知问题，其中包括一个存在于Web Audio的安全漏洞，该漏洞是由OUSPG安全编程小组成员报告给Google的，Google奖励了1000美元。,• 在Windows和Linux平台上新的Chrome应用更新对话框。,• 此更新包括62个安全修补程序。包括：ICU、V8引擎、字体中的内存损坏问题，Use-after-free在IndexedDB、WebAudio、DOM、FFmpeg、Speech、Views中的问题，Same-origin-bypass在V8引擎中的问题，ICU、字体未初始化值的问题，UI、Skia、PDFium、字体越界读取问题，AppCache的缓存错误问题等。,64位谷歌浏览器电脑版能更好地利用当今的硬件，并且对速度、安全性、稳定性进行了改善，主要特性如下：,速度：64位Chrome能利用最新的处理器和编译器优化、更现代的指令集、更快的调用协议，从而实现了速度大提升，尤其是在图形和多媒体内容方面，性能提升25%。,安全性：Chrome能够利用最新的OS功能，例如Windows 8的High Entropy ASLR，64位Chrome在安全性上也实现了大幅提升。,稳定性：Google还在32位Chrome的基础上增强了64位Chrome的稳定性，尤其是，渲染器处理中的崩溃率大大降低，是32位Chrome的一半。",Google,语言：简体中文,谷歌浏览器2017电脑版32位最新(Google Chrome浏览器谷歌浏览器官方下载) V62.0.3202.94官方稳定版,10,43.25 MB,更新：2017-11-16
授权：免费软件,"现今，对于64位系统来说，64位浏览器是非常少的。大家熟悉的也只有IE、Opera浏览器和民间编译的Firefox有原生64位版本。2014年6月4日，谷歌Chrome也即将加入原生64位浏览器阵营中，并且宣布向Windows 7和Windows 8平台用户提供64位版Chrome，从即日起，只要拥有64位系统，下载Chrome时均默认为64位平台，同时32位版本还将继续提供。,目前，谷歌最新的Chrome36已采用64位独立进程。谷歌表示谷歌浏览器64位版使用了更现代的指令集、针对64位处理器对编译器进行了特别优化，带来了更多的功能参数和寄存器存储的速度优势，因此会有明显的速度提升，特别是图形和多媒体内容的处理会变得更为流畅，平均性能提升25%。安全性和稳定性也有着相当大的提升，在渲染Web内容时的崩溃几率会有效下降。Chrome内置Flash Player 13.0.0.182浏览器视频插件，方便用户在线观看视频。",Google,语言：简体中文,Chrome浏览器(谷歌浏览器64位版 最新浏览器下载) V62.0.3202.94官方版,10,47.27 MB,更新：2017-11-16
授权：免费软件,"下载吧提供够快云库官方版下载，够快云库是一款容量无限网络硬盘。够快云库界面清新简洁友好，用户能在较短的时间内掌握软件的使用。够快云库具有比较强大的云存储功能，能满足用户的需要。,够快云库是一款文件共享协作云存储平台软件，够快云库秉承了够快一贯坚持的为用户带来最佳服务体验的企业理念与目标，通过在技术上和用户体验上不断的完善与努力，铸就了够快云库不同于同类产品的四大特点：无限存储空间，零占用本地硬盘，实用简单快捷与文件的多人共享和协作。,够快云库解决了云存储市场普遍“顾上不顾下”的问题：够快云库不但为用户提供了无限云存储空间，和文件历史版本永久保存，又解决了云存储空间的实际使用受网速、本地硬盘等条件制约的种种问题。,够快云库通过“文件索引”技术，即使几百GB、上TB的文件也可以在仅使用几百KB的条件下就展现在您的面前，而且即便在没有网络的条件下，依旧可以通过够快云库管理、查看与编辑云端的常用文件。在文件协作方面，够快云库通过“库”的概念，实现了权限的便捷管理和多文件与多成员的分享。在安全方面，够快云库通过账户与设备绑定，可以让用户禁用新设备和曾经使用过的所有设备登陆用户账户，甚至做到了禁用网页端来登陆账户，对用户的数据安全做到了全方位的保卫。,无限云空间,永远装不满的空间已不是愿望，够快云库为每个用户提供了真正的无限空间，无需再做任务、加微博苦苦挣扎。同时您所有文件的历史版本，我们也将为您永久保存，从古至今想要即得，是一个真正属于您的空间。,硬盘 ""零"" 占用,够快云库客户端浏览在线文件无难度，查看、编辑，无需下载、不占空间，无网同样操作，小硬盘玩转海量文件，管理轻而易举。,实用够简单,文档一多，找起来就像大海捞针，够快云库强大的关键词、文档标签搜索功能，让所需文档随叫随到。线上编辑文档自动打开本地对应程序，流畅操作免去下载打开的繁琐步骤，修改完毕，云端自动保存更新，一气呵成。,文件 ""群"" 共享,够快云库让协作更默契，讨论文档，你一言我一语，@伙伴即时提醒，添加注释方便记忆。想同更多小伙伴共享，只需将文档、伙伴拽入共享群，一步到位，就这么简单。,安全无忧, 攘外兼安内,帐号泄露、互联网信息泄露事件不断，安全存储好艰难。帐号设备绑定，您可第一时间禁用账户所有曾登录过的设备，保护文档安全;对于用户数据，我们内部采用碎片化保存方式，后台无从拼合还原，绝不让您为“内部安全”烦心。,V1.9.26.0：,[+]增加了文件比较功能,[*]修正了有时上传完成后还会有上传图标的问题,V1.9.14.0：,[+]增加了文件标签功能,[*]修正了特殊情况下一直不能打开文件的问题,[*]修正了有时消息收不到的问题,[*]修正了库改名后，提示消息还是原来的库名的问题,[*]修正了窗口最大化的时候，窗口还是最大化按钮的问题,V1.9.12.0：,[+]增加打开文件的时候有取消功能 ,[*]修正了同步目录在软件窗口上移动文件后，数据两边不对称的问题 ,[*]修正了同步目录下本地删除没有立即生效的问题 ,[*]修正了多个屏幕截屏程序的问题,[+]文件列表导航栏增加前进后退按钮,[+]文件列表增加更新视图,[+]文件列表右键打开方式中增加选择默认程序打开,[+]增加智能桌面, 左侧智能文件夹功能移到智能桌面中,[+]动态界面中的输入框增加工具栏, 支持发送屏幕截图,[+]动态中增加文件更新提示,[+]增加文件的独立讨论框,[*]修正了设置同步后立即取消同步，该文件夹内文件索引出错的问题,[*]修正了在主窗口上复制文件到绑定的同步目录下，再改名的时候，文件变成文件夹的问题 ,增加了不同的库目录可以绑定到同一个本地目录的功能,优化了库的数量多的时候，线程很多的问题,修正了打开文件的时候，多次打开一个窗口的问题,修正了恢复很多删除的文件时出错的问题,修正了设置了代理后，网络连接的判断出错的问题",够快,语言：简体中文,够快云库(容量无限网络硬盘) V3.1.11.13010官方版,10,49.05 MB,更新：2017-11-16
授权：免费软件,"天天模拟器是一款可以让安卓应用程序在Windows系统上运行的软件。天天安卓模拟器支持OpenGL硬件加速，是目前性能最好的安卓模拟器，游戏运行效率秒杀BS等主流模拟器。天天模拟器让你在电脑上体验使用安卓手机的畅快感觉，拖拽安装的功能可以让几万款安卓应用轻松的一键安装。键鼠、屏幕翻转和音量控制一应俱全，超大的屏幕让你体验普通手机所无法达到的视觉效果。你还在等待什么，赶紧下载体验吧！,1.1.1023：,1，使用新版的高大上的应用中心，在左上角第一个按钮哦,2，完美兼容百度及多酷平台的游戏、腾讯平台的新游戏,3，完美兼容陌陌、真实赛车3、大唐双龙传、召唤师联盟、决战沙城等等,4，实现增量升级，升级后再也不会找不到之前的应用了,5，增加全屏后退出全屏的提示，记得是Ctrl+F11哦,6，优化启动流程，解决各种-1、-12、-13错误的问题,7，优化安装流程，修复覆盖安装后出现启动失败的bug,8，修复各种已知bug,1.0.1018k：,1. (Bug) 解决了游戏中时间会慢半小时的问题，比如天天酷跑、天天炫斗,2. (Bug) 修改屏幕分辨率和内存设置失效等问题,3. (优化) 镜像大小较大幅度优化,4. (优化) 优化按键设置，不同应用采用不同按键脚本(仅仅针对r4镜像),5. (新功能) 添加一键截图和镜像移动等功能,1.0.1017：,1.（优化）优化图形性能，大幅提升游戏性能，如刀塔传奇等游戏；,2.（优化）优化按键设置，更好地兼容动作类游戏；,3.（优化）优化天天输入法，支持大写锁定键和Tab键；,4.（新功能）添加设置安卓引擎内存大小功能；,5.（修复）修正应用安装逻辑错误；",天天模拟器,语言：简体中文,天天模拟器(天天安卓模拟器下载) V2.5.1官方版,10,4.57 MB,更新：2017-11-16
授权：免费软件,ksknight.dll是一款能够帮助到各位缺少ksknight.dll文件的朋友，进行ksknight.dll文件错误修复的DLL。该dll可以解决加载ksknight.dll出错问题，找不到ksknight.dll的问题,微软,语言：简体中文,ksknight.dll(ksknight.dll下载)官方版,6,309 KB,更新：2017-05-11
授权：免费软件,"如果您的系统提示“找不到keyvalidationnative.dll”或“keyvalidationnative.dll缺失”  或者“keyvalidationnative.dll错误”等等，请不用担心，来下载即可。",微软,语言：简体中文,keyvalidationnative.dll(keyvalidationnative.dll下载)官方版,6,45 KB,更新：2017-05-11
授权：免费软件,"百度传课官方版是一款全语音互动教室，是中国最大的网络课程在线分享平台。传课KK给你带来前所未有的视、听、互动全方位网络教学新体验。您可在线传授技能，亦可在线学习你所需的一技之长。内容涉及英语学习、职场培训、生活技巧等任何技能。传课网通过传课KK开设了一个在线课程，可以让课程发布、课程交易、在线教学一站完成。,传课KK实现了与用户网站账户的绑定，让用户的很多操作通过KK即可实现。大大简化了网友的使用操作流程，给网友带来全新的网络使用体验。同时，传课KK让老师、同学之间有了一个在不上课的时候，也能进行即时沟通，互相联系的工具，让用户不仅可以学习课程，还能够交到朋友，实现用户价值的增值。,增加课程删除功能。,修改录屏工具bug。,增加测试网络的功能，帮助用户选择更好的节点。,调整教室的音量控制，增加快捷设置。,在多页课件中，每页都增加状态。,在具体课件上增加失败状态。,音乐盒子优化播放，同时增加新的播放模式。,修改老师端上课tip。,调整摄像头视频的录制开关位置。,优化摄像头画面录制的效果。,点击最近直播课的按钮，直接进入教室。,增加启用备用线路。优化语音质量。,对视频文件上传bug进行修复。,百度传课kk v2016.11.18.78更新日志：,全新界面改版,丰富的教学工具还原教室场景：互动白板、PPT课件、音视频课件、屏幕共享、互动语音视频、课程录制,新增个性化推荐，按你所需，匹配课程 ",Chuanke,语言：简体中文,百度传课kk(网上教学) V2017.10.20.84官方版,10,15.93 MB,更新：2017-11-16
授权：免费软件,klngtplg.dll是一款能够帮助到各位缺少klngtplg.dll文件的朋友，进行klngtplg.dll文件错误修复的DLL。该dll可以解决加载klngtplg.dll出错问题，找不到klngtplg.dll的问题,微软,语言：简体中文,klngtplg.dll(klngtplg.dll下载)官方版,6,337 KB,更新：2017-05-11
授权：免费软件,"奇兔一键刷机软件，无需繁琐刷机教程，简单为您的手机一键刷机，专业团队各种OS制作，真正刷机小白也能刷机的神奇软件。最新救砖功能开放，手机救砖就是如此简单。,独家千款手机一键刷机，最新安卓5.0安卓6.0独家支持，海量刷机包下载刷机，手机砖头不用怕奇兔最新线刷救砖救活砖机，主流手机支持ROOT，各种手机实用工具，各种刷机相关刷机教程，助您愉快玩机之旅。,更新日志：,1、新增:金立(gn5001,gn9010),华为(gra-ul00)机型支持。,2、优化了机型刷机流程。,1、 小米手机刷机增加解锁提示。,2、 三星手机救砖修复增加解锁提示。,3、 增加酷派救砖修复功能。,更新日志：,1、 优化部分手机刷机流程。,2、 增加MTK手机救砖。,一键刷机,只需一键,清除定制应用,升级系统,让手机运行的更快，更省电，简单轻松，享受刷机乐趣。,最干净的ROM包,最新，最干净的ROM包，除系统组件，坚决抵制一切定制应用。,备份还原,快速备份还原，力保资料安全，让你大胆挑战刷机极限。,智能驱动安装,匹配市场主流机型，智能，快速装驱动。,1、小米手机Fastboot模式下刷机增加机型校验。,2、更新三星手机的刷机方案。,3、新增红米note联通版/移动版，红米1联通版root方案。,1、修改了部分htc手机的刷机方案。,2、新增,酷派：Y76,中兴：N958st,三星：A3000 G9008W,华为：P7-L09 Hol-U10 Hol-T00,H30-L02 P6-S-U06,P7-L00 G6-U00 PE-UL00,机型支持。,1、解决了部分三星机型的识别问题。,2、新增酷派：8731、Y75 中兴：N918st 机型支持。,1、修正了在某些环境下连接手机时自动退出的问题。,2、新增网页版ROM直接高速下载到奇兔刷机的功能。,3、新增努比亚：NX511J（Z9 Mini） 小辣椒：HLA-Notel-L（红辣椒Note）机型支持。,1、优化酷派：大神F2 全网通、大神F1极速版,三星：A7000 刷机方案。,2、新增华为：C8817d,VIVO：Y13L,OPPO：R6007,HTC：816W、D820t机型支持。,1、优化root方案。,2、修正ROM市场一键刷机问题。,3、修改资料备份的名字，显示更直观。,4、新增小辣椒：LA4-S、LA6-6、LA-L 机型支持。,1、新增APP市场。,2、更新驱动下载模块。,3、修改三星i9300，i9500，n7100，g3818四款机型在挖煤模式刷recovery的方式。,4、修改HTC G2(DesireZ)的刷机流程。,5、针对酷派大神F1移动版、联通版不同的Android版本，采用不同的刷机方案。,6、酷派大神F1移动版、联通版，9976a增加root教程。,7、酷派大神F1电信版，大神F2联通版、FHD增加官方root教程。,1、修改酷派大神F2移动版的刷机流程。,2、修复软件已知bug。,1、修改了Recovery模式连接手机的识别策略。,2、增加了华为手机解锁提示。,3、新增酷派：8076D、8729、9091L、7620L、8675-W00、7060,7295A、8017、8297-C00,华为：G520-T10、H30-L01、CHEL-CL20、H60-L01、C8816,VIVO: Y13、X3L、Y11it,TCL：P728M,小米：Mi4W,天语：Touch2、V9,中兴：Q801L,中国移动：M812C,三星：N9008v 机型支持,1、修改了OPPO(x9007)的刷机流程。,2、增加了小米手机双系统刷机的处理。,3、修复了一些已知bug。,1、 修改了酷派大神f1刷华为3x畅玩版移植包后,识别错误问题。,2、 华为p7增加EMUI3.0降级为EMUI2.3教程。,3、 酷派5892增加系统降级教程。,4、 新增三星：I9158、I9208、G3502、G3502u、G3508、G3508i,、G3509、G3509i、 G3568V、G3819d、G7106、G7108、G900f,、G9006v、G9009d、G9009w、 N9008v、N9009、P709、P729,、I9295,金立：GN708W、GN900、,Google：NEXUS 7,华为：MT7-TL00、H30-C00、H30-U10、U8836D、H60-L02,、P7-L00、P7-L09、 G730-C00、G730-U00、G630-U00、C199,、G620-L75、G610-T11、G610-T00 HTC： D816T,联想：A808t、A708t、S930、A760、S938T、S660、A385E,OPPO：R809t、R829t、R833t、R831s、x909t、x9007、N1t,中兴：U960E,TCL： S900,小米：MI3W、HM1SW、HM1SC,酷派：7296、8295、8730、8730L、8950、8297D、8720Q、5892_C00,步步高：S7i(t)、Y19t、X5L、Y22 机型支持。,1、修改了OPPO手机的刷机流程。,2、增加了华为G730-T00刷recovery的方法。,3、新增中兴：NX501、NX403A、NX402、Q705u、G717c、M901c、N5S、U9180、U960、N986、N980、N983、N919 机型支持。,1、修改了小米手机在某些环境下无法传输文件到手机的问题。,2、修改了手机文件系统是只读方式导致推送文件失败问题。,3、新增酷派：5860S、8065、7320、8705,LG：Lu6200,钛客：Takee 1,中兴：U880E,金立：GN700T,OPPO: R823t、R815t,三星：I9128、S6818、S7500、I799、I8268、I809、G3812,联想：A788t、A690、A320t、A765e、A680、A318t、A398t、S898t,华为：Y300-0000、U8650、S8600,红米：1S LTETD、NOTE 1 LTETD 机型支持。,1、修改了推送ROM包的逻辑判断。,2、新增酷派：9970、5890,LG：ST18i,联想：A658t、A780,华为：G730-T00、T8833、Y320-T00,三星：I869、N9002、I929、I8558、I829,中兴：U808、V9180、N880、U819 机型支持。,1、增加了华为荣耀3X和荣耀3C 2G移动版更新recovery的方法。,2、增加了MTK山寨手机识别功能。,3、更新了驱动模块。,4、增加了部分小米手机无法执行push命令的处理方法。,5、新增OPP：R827t、R821t,酷派：8750、7295C、7019、5910,索尼：St26i、S39h、C6902,LG：G2(D802),华为：P7-L07、Y310-T10、G606-T00、MT1-U06、A199,三星：SM-G900H、G3818、I939D、N9008、N7105,IUNI：U3,联想：A308t,天语：W619,HTC：606W、802D,Micromax：A111、A90s,Karbonn：A51,步步高vivo：S9、Y11,中兴：U790、U795机型支持。,1、增加了红米NOTE移动版的识别功能。,2、增加了荣耀3X畅玩版系统降级教程。,3、支持大神F2 移动版ROOT,4、更新了联想K860i的Recovery。,5、新增酷派8702机型支持。,1、 获取手机信息被拦截时，给出用户提示。,2、 增加了SONY和HTC手机解锁教程。,3、 增加了ROM文件校验功能。,4、 新增机型支持列表,TCL:S960 S960T S950T,夏新:N820 N828,联想:P770,佳域:G2F,中兴:V967S,小米4（电信版）,1、修改华为手机解锁提示。,2、更加详细的检测刷机过程中手机状态。,3、增加了红米note手机的root教程。,1、调整华为手机刷机策略。,2、优化三星i9000，i9003,i9100,i9100g,i9220刷机方案。,3、美化了提示界面。,4、增加IUNI U2 16G、U2 32G,大Q Note标准版、Q1_4G,中兴V889s,酷派 大神F2 机型支持。,1、优化机型识别策略。,2、增加刷机包中第三方应用卸载功能。,3、修改了连接手机时，获取短信，联系人，通话记录时，界面卡顿问题。,4、增加中兴V988机型支持。,1、 新增首页ROM直接一键刷机功能，实现无人值守刷机。,2、 调整首页热门应用显示。,3、 手机存储位置判断更准确。,4、 完善下载管理中安卓应用的状态显示。,5、 修正了华为荣耀3C，3X畅玩版以及部分htc手机的刷机策略。,6、 在一键刷机界面，增加连接机型的列表，方便用户选择。,1、 新增首页ROM直接一键刷机功能，实现无人值守刷机。,2、 调整首页热门应用显示。,3、 手机存储位置判断更准确。,4、 完善下载管理中安卓应用的状态显示。,5、 修正了华为荣耀3C，3X畅玩版以及部分htc手机的刷机策略。,6、 增加Recovery模式下的资料备份功能。,1、 新增首页ROM直接一键刷机功能，实现无人值守刷机。,2、 调整首页热门应用显示。,3、 手机存储位置判断更准确。,4、 完善下载管理中安卓应用的状态显示。,5、 更新下载模块。,6、 增加Recovery模式下的资料备份功能。,7、 新增一加：One 机型支持,1、 优化已Root手机的刷机流程。,2、 调整recovery模式下,ROM包存放路径的检测流程。,3、 手机存储位置判断更准确。,4、 增加Root方案。,5、 更新下载模块。,6、 增加Recovery模式下的资料备份功能。,7、 修复资料备份时的程序错误问题,8、 新增索尼：LT30p、ST25i,HTC: Z710t、霹雳2,步步高：vivo Y15T,华为：3X Pro,三星：I8250,中兴：S291(天机),TCL: S720T(么么哒),小宇宙：X1、X2 机型支持, ,1、 优化已Root手机的刷机流程。,2、 调整recovery模式下,ROM包存放路径的检测流程。,3、 手机存储位置判断更准确。,4、 增加Root方案。,5、 更新下载模块。,6、 增加recovery模式下的资料备份功能。,7、 新增机型：天语: U86、W806;大Q： Q1、Q1W、Q_NOTE;索尼： Lt28H、Lt26ii;步步高：Vivo Xplay3s;华为：  P6-C00(电信版);酷派： 5930 机型支持,1、优化已Root手机的刷机流程。,2、调整recovery模式下,ROM包存放路径的检测流程。,3、手机存储位置判断更准确。,4、增加Root方案。,5、更新下载模块。,6、增加三星手机备份/还原EFS功能。,7、新增三星 I8150、联想 A520、华为 C8825D C8950D H30-T00 G700-T00、佳域 G2、步步高 S7T酷比 A690  机型支持,1、优化已Root手机的刷机流程。,2、调整recovery模式下,ROM包存放路径的检测流程。,3、手机存储位置判断更准确。,4、增加Root方案。,5、更新下载模块。,6、增加酷派大神F1刷入recovery功能。,7、新增三星i619、华为c8815、y511-t00、麦芒b199、联想a218t、中兴u960s3、u795 机型支持,1、优化已ROOT手机的刷机流程。,2、调整Recovery模式下，ROM包存放路径的检测流程。,3、手机存储位置判断更准确。,4、增加ROOT方案。,5、更新下载模块。,6、调整实用工具界面布局。,7、新增酷派7295、酷派7295+、联想A820机型支持。,1、优化已ROOT手机的刷机流程。,2、调整Recovery模式下，ROM包存放路径的检测流程。,3、手机存储位置判断更准确。,4、增加ROOT方案。,5、更新下载模块。,6、新增coolpad大神F1移动版IMEI管理功能。,7、新增金立E6、步步高X1机型支持。,1、优化已ROOT手机的刷机流程。,2、调整Recovery模式下，ROM包存放路径的检测流程。,3、手机存储位置判断更准确。,4、增加ROOT方案。,5、美化部分界面,6、新增一键刷入Recovery功能。,1、 优化已Root手机的刷机流程。,2、 调整recovery模式下,ROM包存放路径的检测流程。,3、 手机存储位置判断更准确。,4、 增加Root方案。,5、 新增Android4.4系统下,短信还原功能。,6、 增加华为荣耀3X机型支持。,1、 优化已Root手机的刷机流程。,2、 调整recovery模式下,ROM包存放路径的检测流程。,3、 手机存储位置判断更准确。4、 增加Root方案。,5、 修改通讯模块,提高PC与手机连接的稳定性。,6、 修改华为u9510e,t9510e的刷机流程。,1、 优化已Root手机的刷机流程。,2、 调整recovery模式下,ROM包存放路径的检测流程。,3、 手机存储位置判断更准确。,4、 增加Root方案。,5、 美化刷机界面。,6、 美化手机端奇兔助手界面。,1、 优化已Root手机的刷机流程。,2、 调整recovery模式下,ROM包存放路径的检测流程。,3、 手机存储位置判断更准确。,4、 增加Root方案。,5、 美化刷机界面。,6、 新增步步高(X1st),谷歌(Nexus 5),酷派大神F1(8297)机型支持。",深圳市奇兔软件技术有限公司,语言：简体中文,奇兔刷机7.8.2.0官方版(安卓奇兔刷机软件真正一键式操作体验),10,24.35 MB,更新：2017-08-22
授权：免费软件,"ImBatch免费版是一款非常简单而且易用的图片批量处理工具。ImBatch主要功能有缩放图片大小，格式转换。你可以用ImBatch对图片进行批量转换，缩放，旋转和进行其他操作，提高了你的工作效率。,ImBatch支持下列格式之间的相互转换：,BMP, DIB, RLE, TIF, TIFF, FAX, G3N, G3F, XIF, GIF, JPG, JPEG, JPE, JIF, PCX, PNG, TGA, TARGA, VDA, ICB, VST, PIX, PXM, PPM, PGM, PBM, WBMP, JP2, J2K, JPC, J2C, DCX, DAT, PSD, WDP, HDP",High Motion Software,语言：简体中文,ImBatch(图片批量处理工具 图片批量转换) 5.8.0免费版,6,14.55 MB,更新：2017-11-16
授权：试用软件,美萍汽配管理软件是一款专业的汽车配件管理系统，其中包含汽车配件进货管理、配件业务管理，配件库存管理，统计报表系统等子模块，是专门为汽车配件行业定制的配件进销存管理系统。软件界面设计简洁，美观，人性化的软件流程，使普通用户不需培训也能很快掌握软件操作使用方法。美萍汽配管理软件广泛适用于汽车配件业务企业，汽车维修企业，汽车4S店等和配件有关场合，是您企业进行信息化管理的强大工具。,郑州美萍网络技术有限公司,语言：简体中文,美萍汽配管理软件 2017V3官方版,6,5.75 MB,更新：2017-11-16
授权：免费软件,金橙子打标软件Ezcad是一款用于绘图改图打印文件。需要配合专用设备和加密狗才能使用，支持多种字体，具备完备的文件处理编辑能力，也可以处理图像。,bjjcz.cn,语言：简体中文,金橙子打标软件Ezcad V2.12.0官方版,6,3.67 MB,更新：2017-11-16
授权：免费软件,乐教乐学平台是一款针对教师与家长沟通而建立的平台。乐教乐学平台电脑版能帮助教师和学生家长进行深度沟通，随时随地的了解学生学习与个人情况，以方便更好引导学生进行学习，同时家长也能了解到学校最新的各种动态，帮助孩子更好的成长。,乐教乐学,语言：简体中文,乐教乐学平台 V1.0.129官方版,6,64.55 MB,更新：2017-11-16
授权：免费软件,ACC长尾关键词查询工具是一款用于查询长尾关键词的客户端软件(爱查词)。它具有轻巧、快速、量大等特点，该软件分别吸收了百度、360搜索、搜狗、淘宝、bing等公司的相关数据，集合了他们的共性，存储到云端，可以采用客户端软件连接到爱查词的云端进行数据查询。获得的数据质量高、速度快。,爱查词,语言：简体中文,ACC长尾关键词查询工具 V1.01官方版,6,1.56 MB,更新：2017-11-16
授权：免费软件,    美萍健身房管理系统是一款专业的健身俱乐部管理软件，系统界面简洁优美，操作直观简单，无需专门培训即可上手操作，美萍健身会所管理软件根据健身俱乐部日常工作流程而特别设计，可以满足健身会所经营过程的会员管理，收费管理，健身教练管理，门禁管理的多种管理要求，美萍健身管理软件是健身房，健身俱乐部，健身会所进行信息化管理，提高工作效率和顾客满意度不可获缺的强大工具。,美萍管理软件,语言：简体中文,美萍健身房管理系统(健身管理软件下载) 2017V8.1免费版,6,18.34 MB,更新：2017-11-16
授权：免费软件,凤凰系统U盘安装工具(USBMaker)是针对凤凰系统x86版而开发的一款u盘启动盘制作工具，该软件界面友好，操作简单，用户首先要选择好下载成功的Phoenix OS系统，再使用本款工具将U盘制作成U盘启动器，重启电脑并更改启动项，便可体验凤凰系统x86版。,,语言：简体中文,USBMaker V1.0.1免费版,6,343 KB,更新：2017-11-16
授权：免费软件,7thShare Data Recovery是一款由 7thShare Solution 公司开发的快速、安全、可靠的数据恢复程序，使您能够恢复已删除的文件，即使您已经清空回收箱或直接删除它们也可以恢复。它可以从您的硬盘驱动器，USB驱动器，存储卡和其他存储设备恢复数据。7thShare Data Recovery可以让您恢复您无意中删除的文件，并从格式化，损坏或崩溃的硬盘驱动器和便携式设备中恢复数据。它与移动硬盘和所有 Windows 文件系统兼容。,7thShare Solution,语言：简体中文,7thShare Data Recovery(数据恢复软件) V1.3.1.6官方版,6,11.29 MB,更新：2017-11-16
授权：试用软件,"美萍库存管理系统是一款专业的库存管理软件，其中包含货品进货、出货管理系统 ，仓库管理系统，报表系统等子模块。软件界面设计简洁， 美观，其人性化的软件流程，使普通用户不需培训也能很快掌握软件操作使用方法，上手极易。强大报表与集成查询功能是本软件的最大特色，所有功能在用户需要的使用地方自然体现，不用打开多个窗口重复查询。美萍库存软件广泛适用于公司企业，商场，超市，门店等用于企业库存管理系统, 超市库存管理系统，仓库库存管理系统，是您企业进行信息化管理的强大工具。",郑州美萍网络技术有限公司,语言：简体中文,美萍库存管理系统 2017V2官方版,6,9.38 MB,更新：2017-11-16
授权：免费软件,以前Microsoft每个月发布win补丁时，都是推送一堆补丁过来的，这样一个一个的安装win8.1补丁，不仅慢，而且还很繁琐，对于重装系统的人来说，便是更加痛苦。现在终于有每个月汇总的win8.1补丁包，win8.1月汇总补丁包包含了这个月份的所有补丁集合，也就是用户每个月只要打这一个补丁，就万事大吉了，到了下个月再打新的，就可以替代老的。需要安装这个月补丁的朋友赶紧来下载吧！,微软,语言：简体中文,Windows8.1月汇总补丁包(Win8.1补丁包月汇总更新) 2017.11(64位),8,293.13 MB,更新：2017-11-17
授权：免费软件,以前Microsoft每个月发布win补丁时，都是推送一堆补丁过来的，这样一个一个的安装win7补丁，不仅慢，而且还很繁琐，对于重装系统的人来说，便是更加痛苦。现在终于有每个月汇总的win7补丁包，win7月汇总补丁包包含了这个月份的所有补丁集合，也就是用户每个月只要打这一个补丁，就万事大吉了，到了下个月再打新的，就可以替代老的。需要安装这个月补丁的朋友赶紧来下载吧！,微软,语言：简体中文,Windows7月汇总补丁包(Win7补丁包月汇总更新) 2017.11(32位),10,124.39 MB,更新：2017-11-17
授权：免费软件,以前Microsoft每个月发布win补丁时，都是推送一堆补丁过来的，这样一个一个的安装win7补丁，不仅慢，而且还很繁琐，对于重装系统的人来说，便是更加痛苦。现在终于有每个月汇总的win7补丁包，win7月汇总补丁包包含了这个月份的所有补丁集合，也就是用户每个月只要打这一个补丁，就万事大吉了，到了下个月再打新的，就可以替代老的。需要安装这个月补丁的朋友赶紧来下载吧！,微软,语言：简体中文,Windows7月汇总补丁包(Win7补丁包月汇总更新) 2017.11(64位),10,203.2 MB,更新：2017-11-17
授权：免费软件,"　　, ,1、强大词库：海量词库，第一时间收录最in新词,2、中英混合输入：无需切换，中英文随意输入,3、搜索建议功能：无需输入全部关键词，可直接在浏览器中搜索,4、支持全拼、简拼两种输入法模式,5、云输入功能提供更准确候选词,6、网址、邮箱地址输入模式,7、模糊音功能,8、自定义候选项个数功能,V3.0.2.233：,新增：,1. 视觉全新改版，轻薄简约,2. 新增↑键表情，便捷输入,3. 新增酷炫黑官方皮肤,优化：,1. 优化设置向导，快速入门,2. 优化高级设置，化繁为简,3. 优化熊掌面板，状态栏随心配置,优化：,1. 精简服务，优化性能,2. 优化百度皮肤包稳定性,3. 优化学习策略,修复：,1. 修复账号同步稳定性问题,2. 修复TAB键焦点移动问题,3. 修复个人中心积分丢失问题,4. 修复其他一些小问题,新增：,1. 贴心日历，轻快纯净，农历、天气、假期尽在掌握,2. 智能提醒，简单便捷，高效享用每一寸光阴,3. 随手便签，便利低碳，够用就好,优化：,1. 系统词库深度优化，极致精准，更进一步,新增：,1. 快捷搜索，随时随心，百度一下，告别繁琐，“ctrl+回车”直达结果,2. 全新个人中心，快乐打字，更多乐趣，轻松攒积分，换礼赢大奖！更多功能，静候探索,优化：,1. 优化语音输入，更快更准更轻松！高效降噪，智能声场模拟优化音源，精准识别，96%准确率领先业界。打字太累？说出来吧！, ,新增：,1. 新增亲笔信功能，独创原笔迹手写，从此输入法不只输入文字，还有指尖上的真情、久违的感动 ,2. 新增神码传文功能，无需连接、无需设置，文本、资料、联系人，直接输入到手机，无限新奇用法等你探索, ,新增：,1. 神奇云手写板，流畅指触，无线自由,2. 扩充自定义短语，随心输入，享你所想,3. 同步自定义皮肤，个性随身，独享优雅,优化：,1. 优化新词推荐策略，网络前沿，时刻把握",百度,语言：简体中文,百度输入法2017电脑版(百度拼音输入法官方下载) V5.4.4920.0官方版,10,42.96 MB,更新：2017-11-17
授权：免费软件,Windows恶意软件删除工具检查电脑是否受到流行的恶意软件的感染，并帮助删除感染。恶意软件删除工具由微软公司发布，它检测的病毒包括Blaster、Sasser和Mydoom等等，当检测和删除过程完成时，它会显示一个报告，说明检测到并删除了哪些恶意软件。,微软,语言：简体中文,Windows恶意软件删除工具(64位) V5.54官方版,10,36.81 MB,更新：2017-11-17
授权：免费软件,Windows恶意软件删除工具检查电脑是否受到流行的恶意软件的感染，并帮助删除感染。恶意软件删除工具由微软公司发布，它检测的病毒包括Blaster、Sasser和Mydoom等等，当检测和删除过程完成时，这款强行删除软件会显示一个报告，说明检测到并删除了哪些恶意软件。需要注意的是，它并不能替代杀毒软件，建议您配合360杀毒使用本软件。,微软,语言：简体中文,Windows恶意软件删除工具(强行删除软件) V5.54官方版,8,36.13 MB,更新：2017-11-17
授权：免费软件,美间是一款基于互联网的免费软装设计工具，为用户量身打造最流畅、高效、美观与便捷的创作体验，美间软装软件将设计和产品资源结合，让设计从未如此轻松简单！,Hangzhou Meijian Technology Co,语言：简体中文,美间软装软件(软装设计工具) V1.2.0官方版,6,39.17 MB,更新：2017-05-12
授权：免费软件,"助讯通(WinEIM)是一款行业通用即时通讯软件，C/S结构，分服务端、客户端，企业自主管理助讯通服务端，员工间的消息、文件收发，不经由任何第三方服务器，安全高效，是企业首选的信息化基础平台。助讯通功能丰富、管理简单高效、运行稳定可靠!,1、安全沟通,助讯通服务端由企业自己管理，消息、文件传输过程中经过128位高强度加密处理，且不经由任何第三方；再加上服务端采用的硬件加密方案，让企业信息沟通安全、稳固！,2、消息收发、群发消息、会议室（群）、离线消息,助讯通支持点对点的消息收发、群发消息、会议室消息以及离线消息等，消息中可以插入各种图片，包括动画表情图片，屏幕截图的图片等。,3、发送文件 / 文件夹、群发文件、离线文件,助讯通支持离线文件发送、文件群发、文件夹发送！同时包括点对点的文件收发和通过服务器中转的文件收发；,4、帐号注册、帐号自动生成,助讯通支持帐号的注册功能，支持帐号以多种不同形式的自动生成功能，同时提供注册功能的开关控制，还可以给单个部门设置注册功能开关控制！,5、权限精细化控制,助讯通支持精细化的权限控制，对每个帐号、每个部门，都可以做到精确的单个功能的权限控制，服务端上设置好帐号的权限后，客户端实时生效；,6、企业云盘 企业网络硬盘,助讯通企业云盘，为每个帐号分配指定大小的网络存储空间，同时又可以为所有帐号分配一块共享空间，所有文件的收发存储，都是在服务器上进行，安全可靠，极大提高员工工作效率；,7、自定义频道 在客户端嵌入企业自己的应用,助讯通自定义频道功能，可随意在服务器上设置，即可在客户端扩充企业自己的应用入口标签，甚至将企业自己的应用嵌入到助讯通客户端主界面中；,8、企业文化传播 / 公告发送,助讯通支持以屏幕右下角弹出窗口的方式，给指定或所有公司员工发送通知消息，系统消息支持图文形式，或网页内容形式； ,9、自动生成客户端安装包，同时自定义企业LOGO、自定义客户端名称,助讯通支持从服务端直接生成客户端安装包，生成安装包之前，可自定义客户端软件名称、客户端上显示的企业LOGO，甚至还可以自定义客户端安装包的安装背景图片等等； ,10、自定义 MySQL Server 数据库,助讯通服务器内置有 MySQL Server 数据库，同时支持挂接外部 MySQL Server 数据库，随时随地和企业自己的数据进行整合！",助讯通,语言：简体中文,助讯通WinEIM(包含客户端和服务端) V9.6.15官方版,10,58.8 MB,更新：2017-09-27
授权：免费软件,"anavres.dll是存放在windows系统中的一个重要动态链接库文件，缺少它可能造成部分软件或游戏无法正常运行。当你的电脑弹出提示“anavres.dll丢失”或者“anavres.dll  not found”等错误信息，请下载小编为你提供的dll文件，使用它可以帮助您解决上述问题。",微软,语言：简体中文,anavres.dll(anavres.dll下载)官方版,6,19 KB,更新：2017-05-14
授权：免费软件,"Adobe Flash Player网页播放器是一款网页浏览器便用最广泛Flash格式小游戏、动画播放器的Flash插件。adobe flash player activex支持的浏览器有：Firefox, Netscape, Safari & Opera，IE，Chrome等等。,Player网页播放器最初设计目的为播放2维向量动量，但后来成为适合开发创造丰富型互联网应用程序、流视频音频的工具。这个播放器非常小，只需花一点点时间下载，对于在体验网页上的多媒体效果是个很好的开始。,adobe flash player activex也支持也支持高品质的MP3音频流、文字输入字段、交互式接口等等很多东西。这个最新版本可以观看所有的Flash格式。若你要观看网页上的多媒体内容，FlashPlayer使用向量图形的技术来最小化文件的大小以及创造节省网络带宽和下载时间的文件。因此Flash成为嵌入网页中的小游戏、动画以及图形用户界面常用的格式。",Adobe,语言：简体中文,Adobe Flash Player(flash player activex) 27.0.0.187 for Chrome官方下载,10,19.33 MB,更新：2017-11-16
授权：试用软件,"Bandicam是一款由韩国开发的高清录制视频的工具游戏视频录制软件，Bandicam的优势在于对电脑配置要求低，一些配置比较低端的电脑，通常录制视频会出现不同步现象，使用Bandicam就可以避免此问题。Bandicam录制的视频体积小，而且画面清晰，可以录制分辨率高达2560×1600高画质视频（1080p全高清视频可以做的），视频录制的时候可添加自己的LOGO到视频中，支持bmp、 png 与 jpeg 格式截图。,一、可以选择游戏窗口或指定区域进行视频录制, 　　1、 全屏录制：能录制全屏游戏和窗口游戏。, 　　2、 窗口（区域）录制可录制, （1）全屏游戏的绝大部分, 　　（2）窗口游戏, 　　（3）网上视频或音乐, 　　（4）网页游戏, 　　（5）屏幕操作等。, 二、视频录制：先运行软件，进入游戏后按快捷键（默认F12）开始录制，再按F12结束录制，按F8暂停。,三、游戏截图：先运行软件，进入游戏后按快捷键（默认F11）就可截图。, 四、高清设置：Bandicam视频录制软件首先是“大小”的设置。根据优酷的官方超清标准，上传视频分辨率必须达到或超过720p（1280x720），码率必须在1.5Mbps以上，首先确定你所使用的显示器的分辨率，如果是19寸宽屏，则为1440x900，那么你这“大小”就必须设置为“完全”或者“宽度”数值1280。编码器可选MPEG-1和Xvid，勾选VBR，也就是动态码率，该功能可以根据视频画面的复杂与否自行判断实时码率，可以在保证视频录制质量的前提下减小视频体积。录制质量建议选择100，保证原文件的质量才能更好地保证渲染转码后输出视频的质量。音效这里就一个关键点，就是编码器默认的MPEG-1 L2，会导致会声会影渲染输出出错，程序强行关闭，Vegas虽然可以完成转码，但输出的视频只有图像没有声音。改为PCM后一切正常，推荐使用PCM。",Bandisoft,语言：多国语言[中文],"Bandicam(游戏视频录制软件下载,游戏视频录制工具)V4.0.1.1339官方中文版",10,16.71 MB,更新：2017-11-16
授权：试用软件,"金软Word文本抽出工具是一款由北京信久通科技有限公司独立开发的专门从Word文件批量抽出文本到文本文件中的工具，它可以批处理同时为多个Word文件抽出文本，功能强大。 ,本程序支持的Word版本：  Microsoft Word Ver.7(95)/Ver.6  Microsoft Word 2003   Microsoft Word 2003  Microsoft Word XP  Microsoft Word 2001 for Mac  Microsoft Word 2007  Microsoft Word 2010  可以从上述文件的各种编码字符集数据中抽取文本。  本程序支持的可转换的字符集：  EUC-JP  EUC-JP-FIX  ISO-10646-UCS-2  ISO-10646-UCS-4  ISO-2022-JP  ISO-8859-1  Shift_JIS  UTF-16  UTF-8、WINDOWS31J  ChineseGBK  ChineseBIG5  GB18030  KoreanKSC  Shift_JIS-2004  ISO-2022-JP-2004  EUC-JIS-2004  本程序支持的可抽出的字符串：  Unicode字符集  日语  英语（只限于拉丁字母字符集ISO_8859-1）  汉语（简体字 GB18030、GBK、繁体字Big5）  韩语（KS_C_5601_1987）的字符串  使用上述语言外的字体时，无法保证抽出结果的正确性。  抽出后的文本有17种字符编码集可供选择。抽出后文本的编码方式所使用的基本字符集中所没有的字符，转换为类似的字符(1个字符或1个字符的组合)。当没有类似的字符时替换为""〓""（2个字节）、""？"" (1个字节)。  无法从有密码保护的文件中抽出文本。有密码保护的文件必须事先在源程序中解除安全设置。  金软Word文本抽出工具还具有快速、稳定、安全的特点，其操作方便，简单；界面清爽，灵动。它是Word的一个辅助软件，其操作方便简单。  二．功能介绍  1. 支持17种常见可转换字符集  2. 支持5中常见的语言   3．支持在输出文件名末尾加文件生成日期后缀  4. 支持批量处理，操作简便，节省您的时间",,语言：简体中文,金软Word文本抽出(金软Word文本抽出下载)V2.0官方版,6,9.9 MB,更新：2017-11-20
授权：试用软件,"金软Works文本抽出工具是一款由北京信久通科技有限公司独立开发的专门从Works文件批量抽出文本到文本文件中的工具，它可以批处理同时为多个Works文件抽出文本，功能强大。 ,本程序支持的Works版本：  Microsoft Works 2000（SS）  Microsoft Works 2000（DB）  可以从上述文件的各种编码字符集数据中抽取文本。  本程序支持的可转换的字符集：  EUC-JP  EUC-JP-FIX  ISO-10646-UCS-2  ISO-10646-UCS-4  ISO-2022-JP  ISO-8859-1  Shift_JIS  UTF-16  UTF-8、WINDOWS31J  ChineseGBK  ChineseBIG5  GB18030  KoreanKSC  Shift_JIS-2004  ISO-2022-JP-2004  EUC-JIS-2004  本程序支持的可抽出的字符串：  Unicode字符集  日语  英语（只限于拉丁字母字符集ISO_8859-1）  汉语（简体字 GB18030、GBK、繁体字Big5）  韩语（KS_C_5601_1987）的字符串  使用上述语言外的字体时，无法保证抽出结果的正确性。  抽出后的文本有17种字符编码集可供选择。抽出后文本的编码方式所使用的基本字符集中所没有的字符，转换为类似的字符(1个字符或1个字符的组合)。当没有类似的字符时替换为""〓""（2个字节）、""？"" (1个字节)。  无法从有密码保护的文件中抽出文本。有密码保护的文件必须事先在源程序中解除安全设置。  金软Works文本抽出工具还具有快速、稳定、安全的特点，其操作方便，简单；界面清爽，灵动。它是Works的一个辅助软件，其操作方便简单。  二．功能介绍  1. 支持17种常见可转换字符集  2. 支持5中常见Works文件的语言   3．支持在输出文件名末尾加文件生成日期后缀  4. 支持批量处理，操作简便，节省您的时间",北京信久通科技有限公司,语言：简体中文,金软Works文本抽出(金软Works文本抽出下载)V2.0官方版,6,9.36 MB,更新：2017-11-20
授权：免费软件," ,qq拼音输入法2017与大多数拼音输入法一样，支持全拼、简拼、双拼三种基本的拼音输入模式。而在输入方式上，QQ拼音输入法支持单字、词组、整句的输入方式。基本字句的输入操作方面，qq输入法官方下载2017与常用的拼音输入法无太大的差别。它默认显示五个候选字，以横向的方式呈现；最多可同时显示九个候选字，不过不能改变为纵向显示候选字，这给一些从其他输入法转投而来的用户带来了使用上的不便，如原来使用智能ABC输入法的用户。 ,V4.7.2065.400：,1、修复登陆失败的问题,2、 修复无网络情况下，反复提示登陆的问题,3、修复同步词库失败的问题,4、更换登陆认证提示信息,V4.6.2063.400：,1、同一QQ账号下多终端用户词库打通,2、更换新的登录方式,3、提高部分游戏兼容性,V4.5：,版本特性：,1、会员特权 - 云剪贴板 支持安卓、塞班QQ输入法互相复制粘贴；,2、语音输入准确率提升；,3、修复微博发送工具热键等问题，增强稳定性。推荐人群喜欢畅快拼音输入的人群。,版本特色：,1、词库大，打字精准流畅；,2、功能丰富，支持全拼、双拼、简拼；,3、数千皮肤，让你的输入法与众不同；,4、细节贴心，强大而保持简单。",腾讯科技,语言：简体中文,qq拼音输入法2017(最新qq拼音输入法2017官方下载) V5.7.4411.400官方正式版,10,41.3 MB,更新：2017-11-20
授权：免费软件,Winaero Tweaker是一个集成了众多修改Windows小工具于一身的免费软件，它提供了很多修改Windows的选项，以前你可能需要多个小程序来修改Windows外观，现在有了Winaero Tweaker，你可以在这一个软件中完成所有的调整和优化。软件包括大量可选项，以分类形式罗列出来，简单、清晰、易操作。,winaero.com,语言：英文,Winaero Tweaker(Windows优化小工具) V0.9.0.0官方免费版,8,2.23 MB,更新：2017-11-20
授权：免费软件,"PrivaZer是一款清除历史记录工具。在现今隐私这么重要，而且又容易被发现的年代，PrivaZer能很好地为你服务。通过使用PrivaZer，你能将自己电脑设备中的各种历史记录和浏览痕迹都清理干净，而且它还可以进行深度扫描操作，能够安全地清理系统、消灭任何残存的网站浏览或其他痕迹，给你一个干净的环境，保护你的隐私安全。, ,1、支持计算机硬盘、内置存储器、外置存储器、U盘、iPod、MP3播放器、SD记忆卡、网络存储、NAS等多种设备的痕迹清理。,2、支持IE、firefox、opera、Safari等多种内核的浏览器痕迹清理。,3、支持win8、win7、winxp、win2003、vista等系统。",Goversoft,语言：简体中文,PrivaZer(清除历史记录) V3.0.32官方版,6,6.97 MB,更新：2017-11-20
授权：免费软件,Chrome插件清理工具是一款专门清理谷歌插件的应用工具。当我们长期使用Chrome浏览器是随着使用的时间越长谷歌插件也会越来越多渐渐的会使谷歌浏览器的运行速度变慢，Chrome插件清理工具就能很好的帮你解决这个问题。,Google,语言：简体中文,Chrome清理工具(谷歌浏览器清理工具) V23.131.1绿色版,10,1.33 MB,更新：2017-11-20
授权：免费软件,IObit Driver Booster是由iobit公司出品的一款驱动下载和驱动备份软件。IObit Driver Booster 使用简单方便，只需要一点扫描，即可找到最新的驱动进行安装，同时还提供了还原功能，如果驱动用起来不合适，可以还原回去。,IObit,语言：简体中文,IObit Driver Booster(驱动更新工具) V5.1.0官方中文版,6,18.24 MB,更新：2017-11-21
授权：免费软件,"Homedale中文绿色版是一个可以检测WIFI信号强度的软件。当你用笔记本或者台式机搜索到多个WIFI时，不知道那个信号好的话，你就可以用Homedale来检测搜索出来WIFI的信号强度，通过对比，你就可以用最好信号的WIFI了。与此同时，你还可以掌握该接入点的速度和相关的设置等。, ,1、信号强度,2、加密[WEP/WPA/WPA2],3、速度,4、通道,5、其他设置 ",The SZ,语言：简体中文,Homedale(WIFI信号强度检测) V1.73绿色中文版,8,1.01 MB,更新：2017-11-21
授权：免费软件,"360浏览器极速版是一款基于Chrome内核改进的免费的网络,，使用起来简单快捷，而且还能在您上网时提供安全保护。360极速浏览器目前支持 Windows（XP 和 Vista、Windows7）。,360极速浏览器2015(360chrome)无缝双核引擎，不错的双核浏览器！360极速浏览器采用了最快速的webkit内核及兼容性最好的IE内核。简洁人性化的设计！囊括鼠标手势,超级拖放等实用功能，大量扩展程序及精美皮肤主题任您使用！, ,精美的皮肤,各种风格的精美皮肤主题，点亮您的多彩世界。获取皮肤,风一样的速度,全球最快的浏览器内核，网页闪电般打开。测一测你的浏览器,无缝双核引擎,无缝顺滑的双核切换，网购、秒杀快捷流畅。视频演示,丰富的扩展,大量为您精选的功能扩展，满足您的各种功能需求。获取扩展,360极速浏览器8.2.0.110：,1、升级blink内核至39.0.2171.95,2、启动速度优化，降低了50%的IO，速度提升50%,3、兼容性改善，优化硬件加速策略，对页游支持更好,4、用新方案实现翻译功能，新开标签显示翻译结果,5、优化选项页、错误页、崩溃页的显示效果,6、新建下载时不显示下载器，同时增加动画效果,7、解决QQ空间中的图片用放大镜放大后不消失的问题,8、修复其他细节问题,360浏览器极速版8.1.0.210：,1、内核升至38.0.2125.111,2、其余功能与8.0.0.502保持一致,7.5.3.200：,完善首次运行时数据导入逻辑,360极速浏览器7.5.3.126：,修复若干崩溃，优化性能,360极速浏览器7.5.3.124：,修复若干崩溃，提高稳定性,360极速浏览器7.5.3.122：,修复当浏览器锁定了缩放比例非100%时，小窗口播放显示异常的问题,修复优酷评论区不显示视频问题,360极速浏览器7.5.3.120：,更新广告过滤规则文件,360极速浏览器7.5.3.118：,修复若干个崩溃问题，提高稳定性,内核升级至Chromium 18正式版（18.0.1025.168）,新增多用户使用浏览器的功能,新增导入360安全浏览器和Chrome浏览器配置的功能,新增了Google搜索出错时，提示使用其他搜索引擎,改进：,扩展中心按钮增加了管理扩展功能,修复：,修复了某些情况下易导致崩溃的问题,修复了百度MP3搜索结果页，某些关键词提取错误的问题,修复了某些情况下安装360极速浏览器后，没有自动勾选关闭多标签提示的问题,修复了某些情况下自动退出360账户的问题,修复了某些情况下无法启动浏览器的问题,修复了gameguard运行的时候，网页崩溃的问题,修复了某些情况下无法使用右键菜单中的“关闭”关闭浏览器的问题,修复了某些情况下缩放错乱的问题,修复了拖拽搜索词在新标签页中打开没有显示搜索词的问题",奇虎360,语言：简体中文,360浏览器极速版(360极速浏览器官方下载2015) V9.0.1.152官方版,10,40.63 MB,更新：2017-11-21
授权：免费软件,"EncryptOnClick是一款可针对文件或文件夹的加密及解密工具，界面简单易操作，加密时采用256位AES（Advanced Encryption Standard）的算法。,1、兼容于 WinZip 9 的军用等级的256位 AES 加密算法。,2、支持加密选择的文件或者文件夹并且同时对其进行压缩。,3、被加密的文件可以通过 EncryptOnClick软件和使用 WinZip 9 并且拥有适当密码的任何用户进行解密。",,语言：英文,EncryptOnClick(文件加密解密工具) V2.0.6.0免费版,6,2.21 MB,更新：2017-11-20
授权：试用软件,美萍咖啡厅管理系统是美萍公司推出的一款专业的咖啡厅管理软件，咖啡店收银系统，咖啡店经营软件。它集前台收费系统，员工管理系统，会员管理系统等强大功能为一身，系统界面简洁优美，操作直观简单，无需专门培训即可正常使用。美萍咖啡店管理软件为咖啡厅业经营者提供了强大的成本分析，利润分析，物流管理等诸多功能，能广泛适用西餐厅管理，咖啡厅日常管理，连锁咖啡店管理等场合。美萍咖啡厅管理系统是您提高咖啡厅经营水平，杜绝管理漏洞，增加效益的强大武器。,郑州美萍网络技术有限公司,语言：简体中文,美萍咖啡厅管理系统 2017V3官方版,6,8.01 MB,更新：2017-11-20
授权：免费软件,FolderTimeUpdate是一款用于修改文件夹的创建时间。可扫描系统中任意文件夹和其子文件夹的原始创建/修改时间，并可根据相关选项修改创建时间。支持批量修改文件夹和其子文件夹的创建时间，支持通配符，支持更改子文件夹深度，支持设置空文件夹时间，支持仿真模式等。,nirsoft,语言：简体中文,FolderTimeUpdate(修改文件夹时间) V1.51绿色中文版,6,68 KB,更新：2017-11-20
授权：免费软件,,上海展盟网络科技有限公司,语言：简体中文,ABC看图(看图软件) V1.0免费版,6,5.99 MB,更新：2017-11-20
授权：免费软件,FolderTimeUpdate是一款用于修改文件夹的创建时间。可扫描系统中任意文件夹和其子文件夹的原始创建/修改时间，并可根据相关选项修改创建时间。支持批量修改文件夹和其子文件夹的创建时间，支持通配符，支持更改子文件夹深度，支持设置空文件夹时间，支持仿真模式等。,nirsoft,语言：简体中文,FolderTimeUpdate(修改文件夹时间)64位 V1.51绿色中文版,6,74 KB,更新：2017-11-20
授权：免费软件,"坐标，为您提供最专业的服务，让您从琐事中解脱，坐标带你智能化办公，让你畅快互动，与客户沟通，打破部门与地域限制，提高沟通与协作效率，无论你是职场小白，还是霸道总裁，无论你拖泥带水，还是雷厉风行，都可以来坐标！,专属 便捷与专注,待办 未读一目了然,个性化新闻资讯,快速通道 提升效率,是你情有独钟的工作小能手,PC端主推打造，多端轻松切换,让组织内部的沟通协助畅通无阻",坐标,语言：简体中文,坐标pc电脑客户端 V2.1.16免费版,6,37.4 MB,更新：2017-11-20
授权：试用软件,美萍快餐触摸通是一款专为触摸屏POS机设计的软件，可完全脱离键盘鼠标进行全触屏操作，界面简洁、操作直观、技术成熟，完全切合行业特点，无需培训，最优点单流程，点单结账最快2秒，方便强大的退换菜功能，彻底解决点餐中的困扰，让快餐收银真正快起来；后台有完善的商品管理和强大的报表统计，让您的管理真正简单到底！广泛适用于中西式快餐店，早餐店，休闲饮食店等快速消费餐饮场所。,郑州美萍网络技术有限公司,语言：简体中文,美萍快餐触摸通管理系统 2007V8.8官方版,6,19.4 MB,更新：2017-11-20
授权：免费软件,此刻主播助手是国人自主开发一款永久免费的网络视频直播软件，只要将由各直播平台上获取到的推流地址（串流码、广播码）输入此刻TV的rtmp地址栏，即可通过此刻TV直播软件在任意平台开播节目。,ciscik.com,语言：简体中文,此刻主播助手 V1.6.6.14233官方版,6,71.1 MB,更新：2017-11-20
授权：免费软件," ,Avant Browser三核浏览器支持IE/Firefox/Chrome内核,功能丰富、快速、稳定、无内存泄露。,[更新]Chrome: 38.0.2125.104,[修复]Chrome模式在某些机器上无法打开页面,[更新]Chrome: 37.0.2062.120,[更新]Firefox: 32.0.3,[修复]chrome模式下无法缩放页面,[修复]一个导致firefox崩溃的问题,[修复]移动到另一个分屏选项失效,[修复]任务栏在顶部时在底部显示标签栏的问题,[修复]使用win+space切换输入法导致焦点丢失,[修复]chrome模式下新建空白页url改变的问题,[修复]IE11模式无法打开my yahoo页面,[修复]IE11模式某网站无法正常显示",Avant Force,语言：多国语言[中文],Avant爱帆浏览器(三核浏览器)V2017 build 10简体中文版,10,81.68 MB,更新：2017-11-16
授权：免费软件,"Windows7SP1(64位)补丁包(Win7补丁汇总)更新到本月最新。包含Windows7SP1中文版所有重要补丁和包含勒索病毒系统补丁ms17-010，可离线安装，适用于Windows 7 SP1 64位 简体中文系统。包含Internet Explorer 8补丁和IE兼容性补丁。安装程序会自动检测跳过系统已安装的更新程序。支持集成系统的更新程序自动检测！确保安装完后系统状态和原版自动升级结果完全一致！绿色软件，不含任何第三方广告软件和设置用户首页！,安装说明：本补丁包不包含,1、",下载吧,语言：简体中文,Windows7SP1补丁包(win7 sp1 64位补丁包含勒索病毒系统补丁ms17-010)2017.11(x64位),10,1.13 GB,更新：2017-11-17
授权：免费软件, ,下载吧,语言：简体中文,Windows8.1 With Updata3补丁包(Win8.1补丁汇总)2017.11(32位),10,374.13 MB,更新：2017-11-17
授权：免费软件, ,下载吧,语言：简体中文,Windows8.1 With Updata3补丁包(Win8.1补丁汇总)2017.11(64位),10,638.87 MB,更新：2017-11-17
授权：试用软件,美萍汽车维修管理系统是一款专业的汽车维修管理软件，其中包含汽车配件管理系统、业务管理系统，维修管理系统，配件业务库存管理系统，统计报表系统等子模块，是专门为汽车维修行业定制的配件进销存管理系统。软件界面设计简洁，美观，人性化的软件流程，使普通用户不需培训也 能很快掌握软件操作使用方法。美萍汽车维修管理软件广泛适用于汽车维修企业，配件业务企业， 汽车4S店等场合，是您企业进行信息化管理的强大工具。,郑州美萍网络技术有限公司,语言：简体中文,美萍汽车维修管理系统 2017V3免费版,6,7.09 MB,更新：2017-11-20
授权：免费软件,"火绒安全是一款轻巧高效免费的电脑防御及杀毒类安全软件，火绒互联网安全软件可以显著增强电脑系统应对安全问题时的防御能力，能全面拦截查杀各种类型病毒，不会为了清除病毒而直接删除病毒感染文件，全面保护用户文件不受损害。软件体积小巧，系统内存占用率极低，保证在主动防御和查杀过程中绝对不卡机。另外，其极低的资源占用与高效的未知病毒拦截能力，弥补了现有杀毒软件只能查杀已知病毒、木马滞后性，而不能防御未知的“新病毒、新木马”的缺陷。而且火绒运用目前最强的防火墙技术，最大程度的保护用户电脑隐私不被偷窥，享受清净、安全的网络世界！,1、查杀攻守兼备：防御与查杀结合，在查杀已知病毒、木马的同时还防御新病毒、新木马的侵害。,2、火绒无声防护：极少安全提示，不推送无关公告，帮您静默查杀病毒，主动防御威胁，不打扰日常使用，您甚至感觉不到它的存在。,3、Word文件洗白：Word文档被病毒感染，不再只是粗暴删除，火绒将全面分析Word感染文件，尽可能将病毒与原始文件分离，清除病毒同时保留Word文档原件，最大程度保护您的资料安全。,4、资源占用低：软件体积小巧，几乎不占用系统资源，特别适合上班族及游戏用户。,V2.5.0.67：,1、优化了U盘弹出效率。,2、修复了流量监控中程序流量详情内文件版本显示不完全的问题。,3、修复了自定义文件弹窗中文件名过长时不显示操作行为的问题。,4、调整了流量监控的文件名排序算法，现在不再区分大小写。,V2.5.0.66：,1、支持Windows 10 10074 32位。（64位升级前已支持）。,2、系统防护中桌面快捷方式拦截新增对url格式的支持。,3、扫描引擎虚拟机效率优化。,V2.5.0.63：,1、解决了Windows 10下与QQ的兼容性问题。,2、修复了资源管理器左侧菜单不能使用火绒右键查杀的问题,3、调整了定时垃圾清理的运行机制，解决了垃圾清理在开机时弹出UAC提示的问题。,4、实时监控效率优化。,V2.5.0.62：,1、实时监控效率优化。(需要重启),2、扫描引擎加强对感染型病毒的查杀能力，包括：Virus/Chir, Virus/Parite等。,3、扫描引擎扫描时内存占用优化。,4、扫描引擎虚拟机稳定性更新。,V2.5.0.61：,1、修复了一处托盘崩溃问题。,2、修改了定时垃圾清理的运行机制，将改为开机后空闲时间启动。,3、自定义规则界面、联网控制规则界面 新增对文件拖拽添加的支持。,4、自定义文件保护的执行动作将显示操作进程。,V2.5.0.55,1、增加对Windows10 9926测试版 32位防护支持（64位更新前已支持）,2、联网控制弹窗提示中将程序说明改为了程序数字签名，辅助您进行判断。,3、去掉了U盘保护托盘图标右键中的“关闭U盘保护”选项,4、解决部分对战平台运行魔兽争霸可能出现崩溃的问题,5、扫描引擎加强对感染型病毒的查杀能力，包括：Virus/Virut, Virus/Kuku等,V2.5.0.54,1、扫描引擎加强对感染型病毒的查杀能力，包括：Virus/Virut, Virus/Kuku, Virus/Tvido等,2、扫描引擎虚拟机加强对混淆代码的处理能力，包括：Backdoor/Darkbot, Backdoor/Cycbot, Trojan/Ramnit等,3、扫描引擎稳定性优化,V2.5.0.52,1、扫描引擎病毒库优化；,2、扫描引擎加强对感染性病毒的查杀能力；,3、扫描引擎虚拟机加强对混淆类代码的处理能力。,V2.5.0.51,1，扫描引擎扫描效率优化；,2，扫描引擎内存占用优化；,3，扫描引擎虚拟机加强对混淆类代码的处理能力。,V2.5.0.50,1，反病毒引擎海量更新,2，解决window 10升级9879最新版后火绒防护无法开启的问题,V2.5.0.47,1，解决热血战队无法进入游戏的问题,2，解决个别用户奇迹客户端无法进入游戏的问题,3，修复键盘左右切换标签闪退的问题，去掉了此功能,V2.5.0.38,1，解决部分Win81 Update1环境下载保护失效问题。,2，修复从隔离区恢复文件时勾选同时加入信任，实际未能加入信任的问题。,3，更新垃圾清理视频音乐软件清理规则,V2.5.0.32,1，右键管理功能上线,2，垃圾清理交互优化,3，扫描引擎虚拟机加强对混淆代码的处理能力,V2.5.0.28：,1，修复繁体中文系统下部分自定义规则中路径由于编码的关系识别有误的情况,2，修复右键扫描时如果已经有扫描进程，可以重复呼出二级提示框的问题 ,V2.5.0.27：,1，修复软件卸载部分软件点卸载打开的是安装程序的问题,2，扫描引擎虚拟机加强对混淆代码的处理能力 ,V2.5.0.24：,1，修复升级过程中出错的一处提示问题。,2，修复U盘插入后，格式化U盘之后U盘保护会自动退出的问题,3，防御驱动效率优化,4，扫描引擎加强对部分畸形PE的分析能力,V2.5.0.23：,1，修复设置密码保护后，在输入错误密码后输入框错位的问题,2，修复老版本中设置U盘托盘隐藏后，在更新到最新版后U盘托盘图标无法显示的问题,3，系统防护-设置自动处理规则，增加了项目全选设置,4，安全动态中推荐开启全部防护项目的提示，增加忽略选项",火绒博锐(北京)科技有限公司,语言：简体中文,火绒互联网安全软件(火绒安全)V4.0.41.3官方版,10,12.95 MB,更新：2017-11-17
授权：免费软件,"  搜狗五笔输入法是当前互联网新一代的五笔输入法，并且承诺永久免费。搜狗五笔输入法2017与传统输入法不同的是，不仅支持随身词库——超前的网络同步功能，并且兼容目前强大的,的所有皮肤，值得一提的是，五笔+拼音、纯五笔、纯拼音多种模式的可选，使得输入适合更多人群。, , 添加以z开头的特殊符号输入，方便快捷； , 词语联想可对词进行联想（如输入“中国”联想“中国人”） , 空码时自动查找GBK生僻字； , 通行证同步和导入配置时，新增对删词信息的合并，使垃圾词不再出现； , 支持皮肤系列，和搜狗拼音通用，成套皮肤流畅体验； , 添加输入法管理器，自由设置输入法顺序；,纯五笔下只在输入4码时显示词组、初始繁/简体状态可设为上次状态、半角状态下输出全角空格； , 分号模式新增帮助提示窗口； , 标点符号自动配对（可选）； , 自定义短语支持缩写以大写字母开头； , 安装包新增4款冬季和圣诞节主题时尚皮肤，新增两款皮肤系列； , 精简细胞词库；, , 优化打字速度； , 优化系统词库； , 进一步改进软件兼容性； , 连续按两次分号键，直接上屏分号； , 优化顶字上屏逻辑，使输入更流畅； , 按ESC键可关闭软键盘。",搜狐公司,语言：简体中文,搜狗五笔输入法2017(86版编码搜狗五笔输入法下载2016官方下载)3.1.0.1751官方版,10,19.88 MB,更新：2017-11-17
授权：免费软件,一款多媒体播放器点唱机软件。是专门为微软Xbox游戏控制器而设计的，它可以回放大多数格式的视频，可以是Xbox硬盘的音频和图片格式，Xbox DVD光驱，局域网，甚至广域网。,,语言：英文,Kodi(win10媒体中心) V17.6官方版,6,77.03 MB,更新：2017-11-17
授权：免费软件,"百度Hi是一款集文字消息、音视频通话、文件传输等功能的即时,，百度Hi电脑版下载后您可以通过它您可以方便地找到志同道合的朋友，并随时与好友联络感情。,    百度Hi体积小巧，设计简洁，绝缘广告无任何骚扰。除具备即时会话、分组、换肤换色、表情、闪屏等主流IM软件主要功能外，最大特点在于同百度各种社区产品如空 间、贴吧、百科、知道的整合和无缝衔接。社区动态系统消息提醒、一键点击与其他用户交谈，离线用户留言功能，都将带给你更贴心更全面的体验感。它更是结合了百度搜索服务的强大优势，主面板上基于关键字的一键式搜索服务，让搜索加沟通更方便快捷。,      百度好友：第一次登录百度Hi时，系统会自动导入您的百度空间好友。百度Hi可提供多达1000个好友数量上限。,      兴趣搜人：您只需点击主面板下方的“找朋友”打开“搜人”页面，就可以通过兴趣爱好、血型、星座等多种组合找到与您最投机的朋友！,      登录方便：支持输入邮箱和输入百度帐号两种方式，方便记忆。如果您的朋友也开通邮件登陆功能，直接输入他的邮件地址就可添加其为联系人 ,      密友排行：在百度Hi中选择“按联系频度排序”，即可按联络频繁度对好友进行排序，您的“密友”一目了然。,      百度空间：点击主面板上的空间图标，无需重新登录，一键即可进入您的空间首页，更有即时提醒好友空间更新功能。,      兴趣群组：百度Hi下载后您可以轻松加入或创建兴趣群组，聚合您的同趣好友。您可以同时参加20个群组，每个群组支持多达256个成员！,      划词搜索：交谈时，不懂随时问百度！在会话窗口的消息显示区域中，用鼠标左键选中需要查找的文字并进行拖拽，就会自动打开默认浏览器进行百度网页搜索。,      皮肤换色：自由切换界面颜色，随时展现我的心情。点击百度Hi主面板换色按钮，即可自由切换近17万种百度Hi皮肤颜色，随时展现我的多彩心情！,      头像编辑：通过对百度Hi头像的目标图像进行放大缩小，即可自定义编辑，点击“确认”后立刻生成唯我独有的百度Hi头像，使用方便个性独享。, 1、百度Hi新增“知道插件”，更快速的让您帮助大家解决问题。, 百度Hi,后您可以点击主面板的“知道插件”弹出“知道”页面的“迷你窗口”，由此您可直接进入“百度知道”，无需另外登录。, 在这里结交志同道合的朋友、帮助他人解决问题、分享您的智慧；共同享受探讨知识的乐趣。, 2、 新增“百科插件”，上亿用户的头脑智慧汇集于此。, 点击hi主面板的“百科插件”，弹出“百科”页面的“迷您窗口”，由此进入“百度百科”查找想要的信息，一切就是这么简单！, 3、百度Hi下载后您可以在新版“最近联系人”功能，让您聊的更尽兴。, 主面板的“最近”联系人，可以显示最近100个与您聊过天的人，并按照聊天的时间倒序排列，使您更加便捷轻松的查找联系人。, 4、新增“动态”头像，让表达与展现力变得更强大。, 百度Hi登陆时的动画，还记得吗？可爱的大耳朵有节奏的左右摇晃；扭扭尾巴……现在它已经可以当作头像使用啦！同时亮相的还有“瑞雪”“水滴”和“联欢会”。, 这几个动态头像有啥稀奇之处，就等大家来体验和感受啦。, 5、百度Hi新增群邀请功能，多位好友一次入群，更方便快捷汇聚好友, 如果您是百度Hi群主或管理员，可以通过下面的三种方式邀请你的好友加入群中：, 1）通过群聊天窗口上方的邀请按钮, 2）主面板群右键菜单, 3）群成员管理界面, 1、 百度秀编辑头像, 2、 添加“贴吧，明星资讯”的入口，并支持订阅与关注。, 3、 使用界面管理器添加百付宝快",百度,语言：简体中文,百度Hi电脑版(百度hi下载) 5.3.1.2官方版,6,68.27 MB,更新：2017-11-17
授权：免费软件,迅雷U享版是一款专门面向会员的技术下载器。迅雷U享版主打尊贵、轻量、智能，赋予了新版更优质的用户体验、更优美的视觉效果、更优秀的下载服务，而字母“U”指的是广大用户，也是迅雷的立足之本。迅雷U享版把界面上所有跟下载无关的部分全部去掉了，纯净无广告，只为下载而生！,迅雷,语言：简体中文,迅雷U享版 V3.1.0.136官方版,6,29.88 MB,更新：2017-11-17
授权：免费软件,"YY电弧是YY新出品的游戏语音开黑工具，YY旗下语音开黑平台，秒开黑、零延迟，大吉大利，今晚吃鸡，重塑团队合作新模式，语音房间文字房间双频互动，满足最挑剔的游戏玩家最极致的需求。,更轻简,聚焦游戏语音，无广告，占用少,更快捷,链接代替号码，全网秒速加入开黑房间,更专业,按需发起组队，开黑大厅随心选择战队",DuoWan.com,语言：简体中文,YY电狐(电狐官方下载) V1.0.7官方版,6,662 KB,更新：2017-11-21
授权：免费软件,Ignition是一款免费的光盘刻录软件。Ignition支持 650/700 MB 光盘、自定大小(超烧)，可以在最佳化后的光盘自动建立资料夹或包含光盘档案索引的 TXT 文字文件，能够加入一个群组的档案(自动播放、编码程序...)，搭配 CopyToDVD 烧录光盘。,KC Softwares,语言：英文,Ignition(光盘刻录软件) V2.23.0.70官方版,6,1.67 MB,更新：2017-11-17
授权：共享软件,Birdfont是一款基于Vala语言开发的免费字体编辑器，该字体编辑软件使用方便，操作简单，主要用户创建TTF、EOT和SVG字体。,birdfont.org,语言：英文,Birdfont(字体编辑器) V3.1.0官方免费版,6,34.96 MB,更新：2017-11-17
授权：共享软件,"DriverEasy是一款检测驱动程序的更新软件。DriverEasy中文版从自动搜寻到下载安装完全搞定，免设定、免更新，你所要做的就是跟着按钮经过三步骤，轻松下载安装全电脑所需的驱动程序。,1、全自动检测未知硬件设备！,2、时刻保持你的驱动都是最新的。,3、超过1,000,000 种硬件驱动数据库！,4、驱动的备份恢复和卸载功能！,5、多语言界面，操作简单，容易上手。,6、支持下载系统补丁的功能！这个对于新安装系统的用户来说太方便了!,7、支持离线扫描的功能！,8、体积小巧，不到4M，相对于驱动精灵和360来说，相当小了。",Easeware Technology Limited,语言：英文,DriverEasy(驱动检测) V5.5.5官方中文版,6,3.56 MB,更新：2017-11-20
授权：免费软件,"PicPick一个免费又好用的屏幕,软件，它可以抓取全屏幕或是局部的画面，而且操作也很简单，还具备了一般最常用到的基本图像处理功能。 ,PicPick免费版是一款优秀的屏幕截图工具，它具有屏幕截取、取色器、调色板、放大镜、标尺、量角器、坐标轴、白板等功能。PicPick免费版支持的屏幕截图模式包括：全屏、活动窗口、滚动窗口、矩形区域、固定区域、手绘区域、重复上次截取等，这应该满足绝大部分需求了。,截图后默认在PicPick编辑器中打开，在此编辑器中可以设置图片效果、添加标注信息，然后保存为BMP、JPEG、PNG或GIF格式。,当然也有其他输出方式，如复制到剪贴板、保存为图像文件、输出到Microsoft Office程序等。,现在的PicPick能够显示一个竖向截取栏，可以选择某种截图模式直接开始截图，非常方便，这与FastStone Capture的浮动工具条类似。",Picpick,语言：多国语言[中文],PicPick(截图软件下载)V4.2.8中文版,10,11.96 MB,更新：2017-11-20
授权：免费软件,"极速Office是一款免费的Office办公软件。office2017官方下载 免费完整版非常简单易用，支持并兼容MS Office的格式，不用担心格式转换的问题。极速Office由极速写作、极速表格、极速演示组成，可以满足日常文档编辑工作。另外，极速Office还有很多免费的模板提供给大家使用！,极速Office是一款轻快、无广告的office办公软件，支持极速写作、极速表格、极速演示的创建、编辑、阅读；全面兼容微软office97-2016格式(word：docx、doc；excel：xlxs、xls；ppt：pptx、ppt等）；支持一键另存为pdf、jpg、png等常用格式阅读，界面简洁、操作简单的极简办公office；且重新定义下一代办公，为用户提供真正省心、有价值的高效办公平台。,1、极速写作：,更轻松，更便捷的创建，编辑，修改文档,2、极速表格：,在多行多列中显示重复数据，避免重复输入,3、极速演示：,内置精美模板，轻松做出有范儿的PPT,V1.0.1.9 更新介绍：,1.已解决个别文档崩溃问题；,2.修复个别网页内容无法复制到文档上的问题；,3.修复含通配符的全部替换问题；,4.已修正“二项式定理”公式；,5.优化渲染内核，提高打开速度。","Jisuservice, Inc",语言：简体中文,极速Office2017(全新office2017官方下载 免费完整版免费office办公软件) V1.0.2.3官方版,10,57.45 MB,更新：2017-11-20
授权：免费软件,"下载吧提供优酷客户端官方版，优酷客户端(优酷视频播放器)是youku视频网站开发的一款电脑pc端软件，优酷电脑版客户端具有“桌面优酷”之称，优酷客户端官方集成了强大的视频播放，视频管理功能，在视频推荐、搜索、播放、下载、转码、上传、专辑管理等更加强大，丰富高清的内容将带给您更炫的视觉效果，更优质的视频体验。, ,   1.语言切换-更随意： , 多语言片源随意切换，更多语言选择等着您。 ,   2.最全搜索-更方便： , 支持全站内容搜索，带给您更多更丰富的视频内容。 ,   3.画质选择-更清晰： , 支持各种画质的播放和下载，带给您更高品质视觉享受。 ,   4.视频推荐-更精彩： , 优酷为您推荐更多更好的热门视频，随时观看最精彩内容。 ,   5.频道筛选-更省时： , 多条件筛选频道丰富内容，自动定位帮您找到匹配结果，省时又省心。 ,   6.云同步播放记录-更贴心： ,   官方登录账号状态下记录播放内容，本地播放记录可记录最新播放的30条记录内容还可手动删除记录。, ,1. 为什么要使用优酷播放器？,优酷客户端为您推荐更多精选热门视频，通过多条件筛选快速定位匹配结果，提供多种画质、多种语言切换播放和下载，支持边下载边观看，云同步记录等贴心功能，给您带来更高品质享受。,2. 为什么要进行登录，帐户登录有什么好处？,上传功能需要先进行帐号登录才能使用。 需要登录后才可以下载超清、高清视频文件。 云同步记录需要在官方帐号登录状态下记录您的播放历史，换台电脑登录也不担心播放记录会丢失，仍可继续播放哦。, ,V5.3.1.1212： ,1、支持一键快速上传和高级批量上传模式;,2、支持认证、分成用户高级互动注释设置;,V5.3.0.10311： ,1、支持一键快速上传和高级批量上传模式；,2、支持认证、分成用户高级互动注释设置；,V5.1.0.8083： ,1、修复播放本地视频客户端闪退问题;,2、修复转码flv文件播放无法seek问题;,V5.1.0.8071： ,1、支持本地播放，流畅观影更稳定;,2、猜你喜欢频道，汇集你的兴趣;,V5.0.1.6161：,1、精选推荐，支持全部频道筛选;,2、世界杯频道，直击最新赛事战况;,V4.6.0.3200：,1 修复登录提示‘网络繁忙’bug。,2 个人中心增加专辑管理功能~,3 修复播放、下载体验bug。,1.增加电视直播频道；,2.下载视频时支持多语言选择；",youku.com,语言：简体中文,优酷电脑版(youku优酷视频播放器优酷客户端官方下载) V7.3.3.11161 官方免费版,10,78.47 MB,更新：2017-11-20
授权：免费软件,"Freemake video Downloader是一款方便易用的视频下载软件。您可以用它来下载像Youtube、Veoh、Dailymotion等视频分享网站的视频节目，支持包括Facebook, Google Video、MetaCafe、Vimeo等许多视频门户网站！,Freemake video Downloader主要针对国外著名视频网，例如Google Video, MetaCafe, Vimeo, y0utube，而且下载速度也不错咧！Freemake Video Downloader 还支持影音转换功能，方便好用界面也很友好。",freemake,语言：简体中文,Freemake video Downloader(视频下载软件) V3.8.0.43官方中文版,6,16.56 MB,更新：2017-11-20
授权：免费软件,"随风飞音Mcool (原小众音乐)一个款极简音乐,，支持歌词、可视化。最小化到托盘，占用资源少，适合边听音乐边工作。, 1.极度简约，界面只有三个按钮； , 2.支持歌词和右键换肤； , 3.丰富的视觉效果，鼠标单击或右击切换效果； , 4.采用BASS核心，性能优异，音质完美； , 5.支持所有常见音视频格式； , 6.最小化到托盘，占用资源极少，适合边听音乐边工作。,特别提示:,1. 按T键总在顶端(仅播放界面); 按Insert键透明(某些效果如Milkdrop不能透明);,2. 随风飞音内置, AVS和Milkdrop视觉效果, 并支持MIDI可视化; 要支持更多效果,把Winamp的可视插件(即前缀为vis_的文件以及预设文件)放到Plugins目录下即可;,3. 右击关闭按钮即最小化., , , , , , , , , , , , ",mcool,语言：简体中文,随风飞音Mcool V3360.2017.11.16绿色版,10,1.25 MB,更新：2017-11-20
授权：免费软件,Mendeley Desktop是一套好用的文件管理工具。它是QT为基础开发的程序，并支持跨平台资源库，使得Mendeley也具有跨平台执行的能力。是一套适合研究生和学术领域使用的文献、文档管理软件。,mendeley.com,语言：英文,Mendeley Desktop(文件管理工具) V1.17.12官方版,6,53.64 MB,更新：2017-11-20
